1	{'task_type': 'regular', 'locomotive': 22657, 'train_section': 22926, 'section': 22250, 'departure_time': 1536530460, 'arrival_time': 1536551460}
2	{'task_type': 'regular', 'locomotive': 22657, 'train_section': 26922, 'section': 22251, 'departure_time': 1536551460, 'arrival_time': 1536555600}
3	{'task_type': 'regular', 'locomotive': 22657, 'train_section': 30580, 'section': 22414, 'departure_time': 1536589680, 'arrival_time': 1536594060}
4	{'task_type': 'deadhead', 'locomotive': 22657, 'first_train_section': 30580, 'first_section': 22414, 'first_departure_time': 1536589680, 'first_arrival_time': 1536594060, 'second_train_section': 23741, 'second_section': 22301, 'second_departure_time': 1536604260, 'second_arrival_time': 1536606360}
5	{'task_type': 'regular', 'locomotive': 22657, 'train_section': 23741, 'section': 22301, 'departure_time': 1536604260, 'arrival_time': 1536606360}
6	{'task_type': 'regular', 'locomotive': 22661, 'train_section': 30409, 'section': 22273, 'departure_time': 1536549840, 'arrival_time': 1536555360}
7	{'task_type': 'deadhead', 'locomotive': 22661, 'first_train_section': 30409, 'first_section': 22273, 'first_departure_time': 1536549840, 'first_arrival_time': 1536555360, 'second_train_section': 31053, 'second_section': 22403, 'second_departure_time': 1536558360, 'second_arrival_time': 1536561120}
8	{'task_type': 'regular', 'locomotive': 22661, 'train_section': 31053, 'section': 22403, 'departure_time': 1536558360, 'arrival_time': 1536561120}
9	{'task_type': 'regular', 'locomotive': 22661, 'train_section': 24641, 'section': 22242, 'departure_time': 1536600240, 'arrival_time': 1536603420}
10	{'task_type': 'regular', 'locomotive': 22550, 'train_section': 29383, 'section': 22373, 'departure_time': 1536551640, 'arrival_time': 1536556920}
11	{'task_type': 'deadhead', 'locomotive': 22550, 'first_train_section': 29383, 'first_section': 22373, 'first_departure_time': 1536551640, 'first_arrival_time': 1536556920, 'second_train_section': 26241, 'second_section': 22376, 'second_departure_time': 1536587400, 'second_arrival_time': 1536592680}
12	{'task_type': 'regular', 'locomotive': 22550, 'train_section': 26241, 'section': 22376, 'departure_time': 1536587400, 'arrival_time': 1536592680}
13	{'task_type': 'deadhead', 'locomotive': 22550, 'first_train_section': 26241, 'first_section': 22376, 'first_departure_time': 1536587400, 'first_arrival_time': 1536592680, 'second_train_section': 26277, 'second_section': 22427, 'second_departure_time': 1536605100, 'second_arrival_time': 1536608340}
14	{'task_type': 'regular', 'locomotive': 22550, 'train_section': 26277, 'section': 22427, 'departure_time': 1536605100, 'arrival_time': 1536608340}
15	{'task_type': 'regular', 'locomotive': 22550, 'train_section': 26279, 'section': 22443, 'departure_time': 1536609240, 'arrival_time': 1536610920}
16	{'task_type': 'regular', 'locomotive': 22550, 'train_section': 24505, 'section': 22496, 'departure_time': 1536611220, 'arrival_time': 1536616320}
17	{'task_type': 'regular', 'locomotive': 22551, 'train_section': 26762, 'section': 22356, 'departure_time': 1536541320, 'arrival_time': 1536549060}
18	{'task_type': 'regular', 'locomotive': 22551, 'train_section': 29557, 'section': 22258, 'departure_time': 1536562260, 'arrival_time': 1536564660}
19	{'task_type': 'deadhead', 'locomotive': 22551, 'first_train_section': 29557, 'first_section': 22258, 'first_departure_time': 1536562260, 'first_arrival_time': 1536564660, 'second_train_section': 22756, 'second_section': 22306, 'second_departure_time': 1536569640, 'second_arrival_time': 1536573300}
20	{'task_type': 'regular', 'locomotive': 22551, 'train_section': 22756, 'section': 22306, 'departure_time': 1536569640, 'arrival_time': 1536573300}
21	{'task_type': 'regular', 'locomotive': 22551, 'train_section': 26917, 'section': 22369, 'departure_time': 1536580860, 'arrival_time': 1536584580}
22	{'task_type': 'regular', 'locomotive': 22551, 'train_section': 29933, 'section': 22351, 'departure_time': 1536590880, 'arrival_time': 1536596040}
23	{'task_type': 'regular', 'locomotive': 22551, 'train_section': 22831, 'section': 22500, 'departure_time': 1536601080, 'arrival_time': 1536604200}
24	{'task_type': 'regular', 'locomotive': 22553, 'train_section': 27447, 'section': 22361, 'departure_time': 1536553440, 'arrival_time': 1536556440}
25	{'task_type': 'regular', 'locomotive': 22553, 'train_section': 30086, 'section': 22499, 'departure_time': 1536565500, 'arrival_time': 1536570660}
26	{'task_type': 'regular', 'locomotive': 22553, 'train_section': 30803, 'section': 22351, 'departure_time': 1536576480, 'arrival_time': 1536581640}
27	{'task_type': 'deadhead', 'locomotive': 22553, 'first_train_section': 30803, 'first_section': 22351, 'first_departure_time': 1536576480, 'first_arrival_time': 1536581640, 'second_train_section': 29320, 'second_section': 22508, 'second_departure_time': 1536583740, 'second_arrival_time': 1536587100}
28	{'task_type': 'regular', 'locomotive': 22553, 'train_section': 29320, 'section': 22508, 'departure_time': 1536583740, 'arrival_time': 1536587100}
29	{'task_type': 'regular', 'locomotive': 22553, 'train_section': 29322, 'section': 22481, 'departure_time': 1536590040, 'arrival_time': 1536595140}
30	{'task_type': 'regular', 'locomotive': 22553, 'train_section': 29325, 'section': 22343, 'departure_time': 1536595500, 'arrival_time': 1536605640}
31	{'task_type': 'regular', 'locomotive': 22554, 'train_section': 22704, 'section': 22265, 'departure_time': 1536542820, 'arrival_time': 1536546960}
32	{'task_type': 'regular', 'locomotive': 22554, 'train_section': 26622, 'section': 22348, 'departure_time': 1536549180, 'arrival_time': 1536552720}
33	{'task_type': 'regular', 'locomotive': 22554, 'train_section': 26624, 'section': 22477, 'departure_time': 1536553200, 'arrival_time': 1536555600}
34	{'task_type': 'regular', 'locomotive': 22554, 'train_section': 30611, 'section': 22499, 'departure_time': 1536579900, 'arrival_time': 1536585060}
35	{'task_type': 'regular', 'locomotive': 22554, 'train_section': 26919, 'section': 22344, 'departure_time': 1536586380, 'arrival_time': 1536587400}
36	{'task_type': 'regular', 'locomotive': 22554, 'train_section': 30381, 'section': 22363, 'departure_time': 1536590580, 'arrival_time': 1536596640}
37	{'task_type': 'regular', 'locomotive': 22554, 'train_section': 25464, 'section': 22284, 'departure_time': 1536598320, 'arrival_time': 1536601980}
38	{'task_type': 'regular', 'locomotive': 22554, 'train_section': 23553, 'section': 22464, 'departure_time': 1536601980, 'arrival_time': 1536616740}
39	{'task_type': 'regular', 'locomotive': 22557, 'train_section': 28494, 'section': 22464, 'departure_time': 1536530400, 'arrival_time': 1536552780}
40	{'task_type': 'regular', 'locomotive': 22557, 'train_section': 24858, 'section': 22463, 'departure_time': 1536552780, 'arrival_time': 1536561660}
41	{'task_type': 'regular', 'locomotive': 22557, 'train_section': 25875, 'section': 22314, 'departure_time': 1536564840, 'arrival_time': 1536567540}
42	{'task_type': 'regular', 'locomotive': 22557, 'train_section': 25723, 'section': 22311, 'departure_time': 1536572400, 'arrival_time': 1536575160}
43	{'task_type': 'regular', 'locomotive': 22557, 'train_section': 30871, 'section': 22313, 'departure_time': 1536576480, 'arrival_time': 1536581400}
44	{'task_type': 'regular', 'locomotive': 22557, 'train_section': 26490, 'section': 22277, 'departure_time': 1536600900, 'arrival_time': 1536604380}
45	{'task_type': 'regular', 'locomotive': 22557, 'train_section': 28418, 'section': 22237, 'departure_time': 1536604380, 'arrival_time': 1536616740}
46	{'task_type': 'regular', 'locomotive': 22558, 'train_section': 23199, 'section': 22464, 'departure_time': 1536530400, 'arrival_time': 1536551640}
47	{'task_type': 'regular', 'locomotive': 22558, 'train_section': 29970, 'section': 22461, 'departure_time': 1536553440, 'arrival_time': 1536556800}
48	{'task_type': 'deadhead', 'locomotive': 22558, 'first_train_section': 29970, 'first_section': 22461, 'first_departure_time': 1536553440, 'first_arrival_time': 1536556800, 'second_train_section': 30478, 'second_section': 22447, 'second_departure_time': 1536562380, 'second_arrival_time': 1536565440}
49	{'task_type': 'regular', 'locomotive': 22558, 'train_section': 30478, 'section': 22447, 'departure_time': 1536562380, 'arrival_time': 1536565440}
50	{'task_type': 'regular', 'locomotive': 22558, 'train_section': 28872, 'section': 22256, 'departure_time': 1536571080, 'arrival_time': 1536573780}
51	{'task_type': 'deadhead', 'locomotive': 22558, 'first_train_section': 28872, 'first_section': 22256, 'first_departure_time': 1536571080, 'first_arrival_time': 1536573780, 'second_train_section': 25063, 'second_section': 22447, 'second_departure_time': 1536577920, 'second_arrival_time': 1536580800}
52	{'task_type': 'regular', 'locomotive': 22558, 'train_section': 25063, 'section': 22447, 'departure_time': 1536577920, 'arrival_time': 1536580800}
53	{'task_type': 'regular', 'locomotive': 22558, 'train_section': 31180, 'section': 22257, 'departure_time': 1536588000, 'arrival_time': 1536588720}
54	{'task_type': 'regular', 'locomotive': 22558, 'train_section': 28723, 'section': 22470, 'departure_time': 1536588720, 'arrival_time': 1536592620}
55	{'task_type': 'deadhead', 'locomotive': 22558, 'first_train_section': 28723, 'first_section': 22470, 'first_departure_time': 1536588720, 'first_arrival_time': 1536592620, 'second_train_section': 22803, 'second_section': 22256, 'second_departure_time': 1536599400, 'second_arrival_time': 1536601680}
56	{'task_type': 'regular', 'locomotive': 22558, 'train_section': 22803, 'section': 22256, 'departure_time': 1536599400, 'arrival_time': 1536601680}
57	{'task_type': 'deadhead', 'locomotive': 22558, 'first_train_section': 22803, 'first_section': 22256, 'first_departure_time': 1536599400, 'first_arrival_time': 1536601680, 'second_train_section': 28752, 'second_section': 22452, 'second_departure_time': 1536603360, 'second_arrival_time': 1536605160}
58	{'task_type': 'regular', 'locomotive': 22558, 'train_section': 28752, 'section': 22452, 'departure_time': 1536603360, 'arrival_time': 1536605160}
59	{'task_type': 'regular', 'locomotive': 22558, 'train_section': 23540, 'section': 22469, 'departure_time': 1536607200, 'arrival_time': 1536609360}
60	{'task_type': 'regular', 'locomotive': 22559, 'train_section': 30602, 'section': 22342, 'departure_time': 1536556860, 'arrival_time': 1536562980}
61	{'task_type': 'regular', 'locomotive': 22559, 'train_section': 24226, 'section': 22281, 'departure_time': 1536587880, 'arrival_time': 1536594180}
62	{'task_type': 'deadhead', 'locomotive': 22559, 'first_train_section': 24226, 'first_section': 22281, 'first_departure_time': 1536587880, 'first_arrival_time': 1536594180, 'second_train_section': 27614, 'second_section': 22479, 'second_departure_time': 1536609060, 'second_arrival_time': 1536610920}
63	{'task_type': 'regular', 'locomotive': 22559, 'train_section': 27614, 'section': 22479, 'departure_time': 1536609060, 'arrival_time': 1536610920}
64	{'task_type': 'regular', 'locomotive': 22559, 'train_section': 24698, 'section': 22259, 'departure_time': 1536614100, 'arrival_time': 1536614520}
65	{'task_type': 'regular', 'locomotive': 22560, 'train_section': 28463, 'section': 22349, 'departure_time': 1536533520, 'arrival_time': 1536538140}
66	{'task_type': 'deadhead', 'locomotive': 22560, 'first_train_section': 28463, 'first_section': 22349, 'first_departure_time': 1536533520, 'first_arrival_time': 1536538140, 'second_train_section': 27719, 'second_section': 22369, 'second_departure_time': 1536541920, 'second_arrival_time': 1536544740}
67	{'task_type': 'regular', 'locomotive': 22560, 'train_section': 27719, 'section': 22369, 'departure_time': 1536541920, 'arrival_time': 1536544740}
68	{'task_type': 'regular', 'locomotive': 22560, 'train_section': 24298, 'section': 22342, 'departure_time': 1536551220, 'arrival_time': 1536557700}
69	{'task_type': 'deadhead', 'locomotive': 22560, 'first_train_section': 24298, 'first_section': 22342, 'first_departure_time': 1536551220, 'first_arrival_time': 1536557700, 'second_train_section': 28981, 'second_section': 22310, 'second_departure_time': 1536560760, 'second_arrival_time': 1536562500}
70	{'task_type': 'regular', 'locomotive': 22560, 'train_section': 28981, 'section': 22310, 'departure_time': 1536560760, 'arrival_time': 1536562500}
71	{'task_type': 'deadhead', 'locomotive': 22560, 'first_train_section': 28981, 'first_section': 22310, 'first_departure_time': 1536560760, 'first_arrival_time': 1536562500, 'second_train_section': 22994, 'second_section': 22296, 'second_departure_time': 1536566400, 'second_arrival_time': 1536567300}
72	{'task_type': 'regular', 'locomotive': 22560, 'train_section': 22994, 'section': 22296, 'departure_time': 1536566400, 'arrival_time': 1536567300}
73	{'task_type': 'deadhead', 'locomotive': 22560, 'first_train_section': 22994, 'first_section': 22296, 'first_departure_time': 1536566400, 'first_arrival_time': 1536567300, 'second_train_section': 25890, 'second_section': 22381, 'second_departure_time': 1536579120, 'second_arrival_time': 1536581040}
74	{'task_type': 'regular', 'locomotive': 22560, 'train_section': 25890, 'section': 22381, 'departure_time': 1536579120, 'arrival_time': 1536581040}
75	{'task_type': 'regular', 'locomotive': 22560, 'train_section': 30041, 'section': 22287, 'departure_time': 1536581280, 'arrival_time': 1536582660}
76	{'task_type': 'regular', 'locomotive': 22560, 'train_section': 29650, 'section': 22310, 'departure_time': 1536592500, 'arrival_time': 1536593940}
77	{'task_type': 'deadhead', 'locomotive': 22560, 'first_train_section': 29650, 'first_section': 22310, 'first_departure_time': 1536592500, 'first_arrival_time': 1536593940, 'second_train_section': 27931, 'second_section': 22288, 'second_departure_time': 1536598560, 'second_arrival_time': 1536607440}
78	{'task_type': 'regular', 'locomotive': 22560, 'train_section': 27931, 'section': 22288, 'departure_time': 1536598560, 'arrival_time': 1536607440}
79	{'task_type': 'regular', 'locomotive': 22563, 'train_section': 30707, 'section': 22507, 'departure_time': 1536569160, 'arrival_time': 1536572760}
80	{'task_type': 'regular', 'locomotive': 22563, 'train_section': 29486, 'section': 22362, 'departure_time': 1536577260, 'arrival_time': 1536579900}
81	{'task_type': 'regular', 'locomotive': 22563, 'train_section': 24501, 'section': 22505, 'departure_time': 1536601440, 'arrival_time': 1536606540}
82	{'task_type': 'regular', 'locomotive': 22563, 'train_section': 24503, 'section': 22308, 'departure_time': 1536607500, 'arrival_time': 1536610260}
83	{'task_type': 'regular', 'locomotive': 22563, 'train_section': 26281, 'section': 22495, 'departure_time': 1536611640, 'arrival_time': 1536614340}
84	{'task_type': 'regular', 'locomotive': 22565, 'train_section': 29386, 'section': 22353, 'departure_time': 1536530400, 'arrival_time': 1536550740}
85	{'task_type': 'regular', 'locomotive': 22565, 'train_section': 22855, 'section': 22354, 'departure_time': 1536550740, 'arrival_time': 1536555360}
86	{'task_type': 'regular', 'locomotive': 22565, 'train_section': 23284, 'section': 22413, 'departure_time': 1536593520, 'arrival_time': 1536597360}
87	{'task_type': 'deadhead', 'locomotive': 22565, 'first_train_section': 23284, 'first_section': 22413, 'first_departure_time': 1536593520, 'first_arrival_time': 1536597360, 'second_train_section': 25646, 'second_section': 22445, 'second_departure_time': 1536604440, 'second_arrival_time': 1536610200}
88	{'task_type': 'regular', 'locomotive': 22565, 'train_section': 25646, 'section': 22445, 'departure_time': 1536604440, 'arrival_time': 1536610200}
89	{'task_type': 'regular', 'locomotive': 22567, 'train_section': 25586, 'section': 22292, 'departure_time': 1536540900, 'arrival_time': 1536543180}
90	{'task_type': 'deadhead', 'locomotive': 22567, 'first_train_section': 25586, 'first_section': 22292, 'first_departure_time': 1536540900, 'first_arrival_time': 1536543180, 'second_train_section': 25903, 'second_section': 22295, 'second_departure_time': 1536553560, 'second_arrival_time': 1536555600}
91	{'task_type': 'regular', 'locomotive': 22567, 'train_section': 25903, 'section': 22295, 'departure_time': 1536553560, 'arrival_time': 1536555600}
92	{'task_type': 'deadhead', 'locomotive': 22567, 'first_train_section': 25903, 'first_section': 22295, 'first_departure_time': 1536553560, 'first_arrival_time': 1536555600, 'second_train_section': 23976, 'second_section': 22380, 'second_departure_time': 1536602580, 'second_arrival_time': 1536603720}
93	{'task_type': 'regular', 'locomotive': 22567, 'train_section': 23976, 'section': 22380, 'departure_time': 1536602580, 'arrival_time': 1536603720}
94	{'task_type': 'deadhead', 'locomotive': 22567, 'first_train_section': 23976, 'first_section': 22380, 'first_departure_time': 1536602580, 'first_arrival_time': 1536603720, 'second_train_section': 23153, 'second_section': 22289, 'second_departure_time': 1536607500, 'second_arrival_time': 1536615120}
95	{'task_type': 'regular', 'locomotive': 22567, 'train_section': 23153, 'section': 22289, 'departure_time': 1536607500, 'arrival_time': 1536615120}
96	{'task_type': 'regular', 'locomotive': 22569, 'train_section': 27704, 'section': 22508, 'departure_time': 1536557580, 'arrival_time': 1536560520}
97	{'task_type': 'regular', 'locomotive': 22569, 'train_section': 27706, 'section': 22481, 'departure_time': 1536563760, 'arrival_time': 1536568680}
98	{'task_type': 'regular', 'locomotive': 22569, 'train_section': 29669, 'section': 22347, 'departure_time': 1536592740, 'arrival_time': 1536598080}
99	{'task_type': 'regular', 'locomotive': 22569, 'train_section': 26291, 'section': 22472, 'departure_time': 1536599580, 'arrival_time': 1536604740}
100	{'task_type': 'regular', 'locomotive': 22571, 'train_section': 27035, 'section': 22440, 'departure_time': 1536530400, 'arrival_time': 1536550920}
101	{'task_type': 'regular', 'locomotive': 22571, 'train_section': 31022, 'section': 22438, 'departure_time': 1536550920, 'arrival_time': 1536562260}
102	{'task_type': 'regular', 'locomotive': 22571, 'train_section': 30463, 'section': 22331, 'departure_time': 1536563280, 'arrival_time': 1536574080}
103	{'task_type': 'regular', 'locomotive': 22571, 'train_section': 23234, 'section': 22438, 'departure_time': 1536580320, 'arrival_time': 1536591060}
104	{'task_type': 'regular', 'locomotive': 22571, 'train_section': 24589, 'section': 22329, 'departure_time': 1536591480, 'arrival_time': 1536592920}
105	{'task_type': 'regular', 'locomotive': 22571, 'train_section': 29914, 'section': 22387, 'departure_time': 1536593880, 'arrival_time': 1536595320}
106	{'task_type': 'regular', 'locomotive': 22571, 'train_section': 29961, 'section': 22329, 'departure_time': 1536598680, 'arrival_time': 1536600120}
107	{'task_type': 'deadhead', 'locomotive': 22571, 'first_train_section': 29961, 'first_section': 22329, 'first_departure_time': 1536598680, 'first_arrival_time': 1536600120, 'second_train_section': 27933, 'second_section': 22323, 'second_departure_time': 1536608940, 'second_arrival_time': 1536612180}
108	{'task_type': 'regular', 'locomotive': 22571, 'train_section': 27933, 'section': 22323, 'departure_time': 1536608940, 'arrival_time': 1536612180}
109	{'task_type': 'regular', 'locomotive': 22573, 'train_section': 28284, 'section': 22440, 'departure_time': 1536530400, 'arrival_time': 1536558600}
110	{'task_type': 'deadhead', 'locomotive': 22573, 'first_train_section': 28284, 'first_section': 22440, 'first_departure_time': 1536530400, 'first_arrival_time': 1536558600, 'second_train_section': 28095, 'second_section': 22334, 'second_departure_time': 1536575880, 'second_arrival_time': 1536580080}
111	{'task_type': 'regular', 'locomotive': 22573, 'train_section': 28095, 'section': 22334, 'departure_time': 1536575880, 'arrival_time': 1536580080}
112	{'task_type': 'deadhead', 'locomotive': 22573, 'first_train_section': 28095, 'first_section': 22334, 'first_departure_time': 1536575880, 'first_arrival_time': 1536580080, 'second_train_section': 28884, 'second_section': 22331, 'second_departure_time': 1536584880, 'second_arrival_time': 1536595680}
113	{'task_type': 'regular', 'locomotive': 22573, 'train_section': 28884, 'section': 22331, 'departure_time': 1536584880, 'arrival_time': 1536595680}
114	{'task_type': 'regular', 'locomotive': 22575, 'train_section': 25862, 'section': 22237, 'departure_time': 1536530400, 'arrival_time': 1536553500}
115	{'task_type': 'regular', 'locomotive': 22575, 'train_section': 26769, 'section': 22238, 'departure_time': 1536553500, 'arrival_time': 1536557100}
116	{'task_type': 'regular', 'locomotive': 22575, 'train_section': 29822, 'section': 22279, 'departure_time': 1536562200, 'arrival_time': 1536567780}
117	{'task_type': 'regular', 'locomotive': 22575, 'train_section': 26017, 'section': 22313, 'departure_time': 1536569280, 'arrival_time': 1536574200}
118	{'task_type': 'regular', 'locomotive': 22575, 'train_section': 27938, 'section': 22278, 'departure_time': 1536577080, 'arrival_time': 1536583860}
119	{'task_type': 'deadhead', 'locomotive': 22575, 'first_train_section': 27938, 'first_section': 22278, 'first_departure_time': 1536577080, 'first_arrival_time': 1536583860, 'second_train_section': 29587, 'second_section': 22472, 'second_departure_time': 1536592380, 'second_arrival_time': 1536597540}
120	{'task_type': 'regular', 'locomotive': 22575, 'train_section': 29587, 'section': 22472, 'departure_time': 1536592380, 'arrival_time': 1536597540}
121	{'task_type': 'regular', 'locomotive': 22575, 'train_section': 29589, 'section': 22351, 'departure_time': 1536598080, 'arrival_time': 1536603240}
122	{'task_type': 'regular', 'locomotive': 22575, 'train_section': 29300, 'section': 22502, 'departure_time': 1536606300, 'arrival_time': 1536616740}
123	{'task_type': 'regular', 'locomotive': 22576, 'train_section': 30874, 'section': 22277, 'departure_time': 1536547500, 'arrival_time': 1536550200}
124	{'task_type': 'regular', 'locomotive': 22576, 'train_section': 30876, 'section': 22239, 'departure_time': 1536550620, 'arrival_time': 1536550860}
125	{'task_type': 'regular', 'locomotive': 22576, 'train_section': 25352, 'section': 22299, 'departure_time': 1536551460, 'arrival_time': 1536555240}
126	{'task_type': 'regular', 'locomotive': 22576, 'train_section': 24919, 'section': 22279, 'departure_time': 1536580200, 'arrival_time': 1536585120}
127	{'task_type': 'deadhead', 'locomotive': 22576, 'first_train_section': 24919, 'first_section': 22279, 'first_departure_time': 1536580200, 'first_arrival_time': 1536585120, 'second_train_section': 30839, 'second_section': 22469, 'second_departure_time': 1536592620, 'second_arrival_time': 1536595020}
128	{'task_type': 'regular', 'locomotive': 22576, 'train_section': 30839, 'section': 22469, 'departure_time': 1536592620, 'arrival_time': 1536595020}
129	{'task_type': 'regular', 'locomotive': 22576, 'train_section': 24486, 'section': 22449, 'departure_time': 1536603180, 'arrival_time': 1536605340}
130	{'task_type': 'deadhead', 'locomotive': 22576, 'first_train_section': 24486, 'first_section': 22449, 'first_departure_time': 1536603180, 'first_arrival_time': 1536605340, 'second_train_section': 29341, 'second_section': 22294, 'second_departure_time': 1536610080, 'second_arrival_time': 1536613320}
131	{'task_type': 'regular', 'locomotive': 22576, 'train_section': 29341, 'section': 22294, 'departure_time': 1536610080, 'arrival_time': 1536613320}
132	{'task_type': 'regular', 'locomotive': 22577, 'train_section': 22773, 'section': 22382, 'departure_time': 1536530400, 'arrival_time': 1536551400}
133	{'task_type': 'regular', 'locomotive': 22577, 'train_section': 30758, 'section': 22383, 'departure_time': 1536551880, 'arrival_time': 1536556080}
134	{'task_type': 'regular', 'locomotive': 22577, 'train_section': 30760, 'section': 22401, 'departure_time': 1536556140, 'arrival_time': 1536557460}
135	{'task_type': 'regular', 'locomotive': 22577, 'train_section': 29777, 'section': 22465, 'departure_time': 1536558060, 'arrival_time': 1536559260}
136	{'task_type': 'deadhead', 'locomotive': 22577, 'first_train_section': 29777, 'first_section': 22465, 'first_departure_time': 1536558060, 'first_arrival_time': 1536559260, 'second_train_section': 26967, 'second_section': 22383, 'second_departure_time': 1536577920, 'second_arrival_time': 1536581340}
137	{'task_type': 'regular', 'locomotive': 22577, 'train_section': 26967, 'section': 22383, 'departure_time': 1536577920, 'arrival_time': 1536581340}
138	{'task_type': 'regular', 'locomotive': 22577, 'train_section': 26261, 'section': 22400, 'departure_time': 1536583800, 'arrival_time': 1536587220}
139	{'task_type': 'regular', 'locomotive': 22577, 'train_section': 30622, 'section': 22383, 'departure_time': 1536588720, 'arrival_time': 1536592140}
140	{'task_type': 'regular', 'locomotive': 22577, 'train_section': 30624, 'section': 22399, 'departure_time': 1536592200, 'arrival_time': 1536593640}
141	{'task_type': 'regular', 'locomotive': 22577, 'train_section': 24692, 'section': 22366, 'departure_time': 1536593640, 'arrival_time': 1536604620}
142	{'task_type': 'regular', 'locomotive': 22578, 'train_section': 24836, 'section': 22447, 'departure_time': 1536547500, 'arrival_time': 1536550200}
143	{'task_type': 'regular', 'locomotive': 22578, 'train_section': 23680, 'section': 22256, 'departure_time': 1536554520, 'arrival_time': 1536557460}
144	{'task_type': 'deadhead', 'locomotive': 22578, 'first_train_section': 23680, 'first_section': 22256, 'first_departure_time': 1536554520, 'first_arrival_time': 1536557460, 'second_train_section': 25396, 'second_section': 22452, 'second_departure_time': 1536566160, 'second_arrival_time': 1536568560}
145	{'task_type': 'regular', 'locomotive': 22578, 'train_section': 25396, 'section': 22452, 'departure_time': 1536566160, 'arrival_time': 1536568560}
146	{'task_type': 'deadhead', 'locomotive': 22578, 'first_train_section': 25396, 'first_section': 22452, 'first_departure_time': 1536566160, 'first_arrival_time': 1536568560, 'second_train_section': 25309, 'second_section': 22484, 'second_departure_time': 1536581820, 'second_arrival_time': 1536586620}
147	{'task_type': 'regular', 'locomotive': 22578, 'train_section': 25309, 'section': 22484, 'departure_time': 1536581820, 'arrival_time': 1536586620}
148	{'task_type': 'deadhead', 'locomotive': 22578, 'first_train_section': 25309, 'first_section': 22484, 'first_departure_time': 1536581820, 'first_arrival_time': 1536586620, 'second_train_section': 23452, 'second_section': 22254, 'second_departure_time': 1536598080, 'second_arrival_time': 1536598740}
149	{'task_type': 'regular', 'locomotive': 22578, 'train_section': 23452, 'section': 22254, 'departure_time': 1536598080, 'arrival_time': 1536598740}
150	{'task_type': 'deadhead', 'locomotive': 22578, 'first_train_section': 23452, 'first_section': 22254, 'first_departure_time': 1536598080, 'first_arrival_time': 1536598740, 'second_train_section': 28305, 'second_section': 22446, 'second_departure_time': 1536600060, 'second_arrival_time': 1536601140}
151	{'task_type': 'regular', 'locomotive': 22578, 'train_section': 28305, 'section': 22446, 'departure_time': 1536600060, 'arrival_time': 1536601140}
152	{'task_type': 'regular', 'locomotive': 22578, 'train_section': 28307, 'section': 22255, 'departure_time': 1536602700, 'arrival_time': 1536603600}
153	{'task_type': 'regular', 'locomotive': 22578, 'train_section': 28309, 'section': 22468, 'departure_time': 1536606660, 'arrival_time': 1536610800}
154	{'task_type': 'regular', 'locomotive': 22579, 'train_section': 28533, 'section': 22411, 'departure_time': 1536530400, 'arrival_time': 1536550020}
155	{'task_type': 'regular', 'locomotive': 22579, 'train_section': 28503, 'section': 22412, 'departure_time': 1536550020, 'arrival_time': 1536557280}
156	{'task_type': 'regular', 'locomotive': 22579, 'train_section': 27074, 'section': 22494, 'departure_time': 1536558300, 'arrival_time': 1536560520}
157	{'task_type': 'regular', 'locomotive': 22579, 'train_section': 26232, 'section': 22387, 'departure_time': 1536562320, 'arrival_time': 1536564120}
158	{'task_type': 'regular', 'locomotive': 22579, 'train_section': 28057, 'section': 22328, 'departure_time': 1536574740, 'arrival_time': 1536588900}
159	{'task_type': 'regular', 'locomotive': 22579, 'train_section': 27016, 'section': 22331, 'departure_time': 1536592080, 'arrival_time': 1536602940}
160	{'task_type': 'regular', 'locomotive': 22579, 'train_section': 25732, 'section': 22439, 'departure_time': 1536605520, 'arrival_time': 1536612600}
161	{'task_type': 'regular', 'locomotive': 22580, 'train_section': 26535, 'section': 22470, 'departure_time': 1536530400, 'arrival_time': 1536547200}
162	{'task_type': 'regular', 'locomotive': 22580, 'train_section': 26687, 'section': 22467, 'departure_time': 1536547200, 'arrival_time': 1536549900}
163	{'task_type': 'regular', 'locomotive': 22580, 'train_section': 23938, 'section': 22280, 'departure_time': 1536551640, 'arrival_time': 1536558240}
164	{'task_type': 'regular', 'locomotive': 22580, 'train_section': 25970, 'section': 22333, 'departure_time': 1536560100, 'arrival_time': 1536562920}
165	{'task_type': 'regular', 'locomotive': 22580, 'train_section': 25972, 'section': 22472, 'departure_time': 1536563580, 'arrival_time': 1536568740}
166	{'task_type': 'regular', 'locomotive': 22580, 'train_section': 25974, 'section': 22351, 'departure_time': 1536569280, 'arrival_time': 1536574440}
167	{'task_type': 'regular', 'locomotive': 22580, 'train_section': 29666, 'section': 22499, 'departure_time': 1536587100, 'arrival_time': 1536592260}
168	{'task_type': 'regular', 'locomotive': 22580, 'train_section': 31031, 'section': 22342, 'departure_time': 1536592740, 'arrival_time': 1536598020}
169	{'task_type': 'regular', 'locomotive': 22580, 'train_section': 24916, 'section': 22280, 'departure_time': 1536598920, 'arrival_time': 1536607320}
170	{'task_type': 'regular', 'locomotive': 22585, 'train_section': 30647, 'section': 22347, 'departure_time': 1536563940, 'arrival_time': 1536569280}
171	{'task_type': 'regular', 'locomotive': 22585, 'train_section': 30649, 'section': 22471, 'departure_time': 1536569820, 'arrival_time': 1536572640}
172	{'task_type': 'deadhead', 'locomotive': 22585, 'first_train_section': 30649, 'first_section': 22471, 'first_departure_time': 1536569820, 'first_arrival_time': 1536572640, 'second_train_section': 28097, 'second_section': 22324, 'second_departure_time': 1536582180, 'second_arrival_time': 1536587580}
173	{'task_type': 'regular', 'locomotive': 22585, 'train_section': 28097, 'section': 22324, 'departure_time': 1536582180, 'arrival_time': 1536587580}
174	{'task_type': 'regular', 'locomotive': 22585, 'train_section': 24022, 'section': 22449, 'departure_time': 1536592320, 'arrival_time': 1536595500}
175	{'task_type': 'deadhead', 'locomotive': 22585, 'first_train_section': 24022, 'first_section': 22449, 'first_departure_time': 1536592320, 'first_arrival_time': 1536595500, 'second_train_section': 22996, 'second_section': 22487, 'second_departure_time': 1536604020, 'second_arrival_time': 1536606420}
176	{'task_type': 'regular', 'locomotive': 22585, 'train_section': 22996, 'section': 22487, 'departure_time': 1536604020, 'arrival_time': 1536606420}
177	{'task_type': 'regular', 'locomotive': 22585, 'train_section': 24196, 'section': 22462, 'departure_time': 1536610080, 'arrival_time': 1536612780}
178	{'task_type': 'regular', 'locomotive': 22586, 'train_section': 25753, 'section': 22344, 'departure_time': 1536537300, 'arrival_time': 1536538320}
179	{'task_type': 'regular', 'locomotive': 22586, 'train_section': 25756, 'section': 22364, 'departure_time': 1536538620, 'arrival_time': 1536544080}
180	{'task_type': 'deadhead', 'locomotive': 22586, 'first_train_section': 25756, 'first_section': 22364, 'first_departure_time': 1536538620, 'first_arrival_time': 1536544080, 'second_train_section': 30234, 'second_section': 22281, 'second_departure_time': 1536548760, 'second_arrival_time': 1536555720}
181	{'task_type': 'regular', 'locomotive': 22586, 'train_section': 30234, 'section': 22281, 'departure_time': 1536548760, 'arrival_time': 1536555720}
182	{'task_type': 'regular', 'locomotive': 22586, 'train_section': 26179, 'section': 22350, 'departure_time': 1536555840, 'arrival_time': 1536559500}
183	{'task_type': 'regular', 'locomotive': 22586, 'train_section': 29710, 'section': 22485, 'departure_time': 1536566040, 'arrival_time': 1536573480}
184	{'task_type': 'regular', 'locomotive': 22586, 'train_section': 29712, 'section': 22264, 'departure_time': 1536574800, 'arrival_time': 1536575220}
185	{'task_type': 'regular', 'locomotive': 22586, 'train_section': 30366, 'section': 22259, 'departure_time': 1536577800, 'arrival_time': 1536578160}
186	{'task_type': 'regular', 'locomotive': 22586, 'train_section': 30368, 'section': 22267, 'departure_time': 1536578340, 'arrival_time': 1536585720}
187	{'task_type': 'regular', 'locomotive': 22586, 'train_section': 28330, 'section': 22442, 'departure_time': 1536594960, 'arrival_time': 1536597720}
188	{'task_type': 'regular', 'locomotive': 22586, 'train_section': 28332, 'section': 22433, 'departure_time': 1536598560, 'arrival_time': 1536599040}
189	{'task_type': 'deadhead', 'locomotive': 22586, 'first_train_section': 28332, 'first_section': 22433, 'first_departure_time': 1536598560, 'first_arrival_time': 1536599040, 'second_train_section': 29223, 'second_section': 22431, 'second_departure_time': 1536599940, 'second_arrival_time': 1536604800}
190	{'task_type': 'regular', 'locomotive': 22586, 'train_section': 29223, 'section': 22431, 'departure_time': 1536599940, 'arrival_time': 1536604800}
191	{'task_type': 'regular', 'locomotive': 22586, 'train_section': 29225, 'section': 22495, 'departure_time': 1536606240, 'arrival_time': 1536609060}
192	{'task_type': 'regular', 'locomotive': 22586, 'train_section': 30865, 'section': 22305, 'departure_time': 1536610500, 'arrival_time': 1536615540}
193	{'task_type': 'regular', 'locomotive': 22587, 'train_section': 25399, 'section': 22319, 'departure_time': 1536530400, 'arrival_time': 1536548280}
194	{'task_type': 'regular', 'locomotive': 22587, 'train_section': 23698, 'section': 22320, 'departure_time': 1536548280, 'arrival_time': 1536554700}
195	{'task_type': 'regular', 'locomotive': 22587, 'train_section': 31189, 'section': 22331, 'departure_time': 1536556080, 'arrival_time': 1536566880}
196	{'task_type': 'regular', 'locomotive': 22587, 'train_section': 24818, 'section': 22438, 'departure_time': 1536573120, 'arrival_time': 1536583860}
197	{'task_type': 'regular', 'locomotive': 22587, 'train_section': 29585, 'section': 22333, 'departure_time': 1536588900, 'arrival_time': 1536591720}
198	{'task_type': 'regular', 'locomotive': 22587, 'train_section': 29671, 'section': 22471, 'departure_time': 1536598620, 'arrival_time': 1536601440}
199	{'task_type': 'regular', 'locomotive': 22587, 'train_section': 28009, 'section': 22328, 'departure_time': 1536601440, 'arrival_time': 1536611160}
200	{'task_type': 'regular', 'locomotive': 22587, 'train_section': 25746, 'section': 22332, 'departure_time': 1536611400, 'arrival_time': 1536615540}
201	{'task_type': 'regular', 'locomotive': 22587, 'train_section': 22861, 'section': 22470, 'departure_time': 1536615600, 'arrival_time': 1536616740}
202	{'task_type': 'regular', 'locomotive': 22589, 'train_section': 27209, 'section': 22302, 'departure_time': 1536530460, 'arrival_time': 1536547440}
203	{'task_type': 'regular', 'locomotive': 22589, 'train_section': 27450, 'section': 22303, 'departure_time': 1536549840, 'arrival_time': 1536555720}
204	{'task_type': 'regular', 'locomotive': 22589, 'train_section': 26848, 'section': 22455, 'departure_time': 1536559080, 'arrival_time': 1536570480}
205	{'task_type': 'regular', 'locomotive': 22589, 'train_section': 30487, 'section': 22356, 'departure_time': 1536571680, 'arrival_time': 1536578940}
206	{'task_type': 'deadhead', 'locomotive': 22589, 'first_train_section': 30487, 'first_section': 22356, 'first_departure_time': 1536571680, 'first_arrival_time': 1536578940, 'second_train_section': 26450, 'second_section': 22262, 'second_departure_time': 1536584880, 'second_arrival_time': 1536585180}
207	{'task_type': 'regular', 'locomotive': 22589, 'train_section': 26450, 'section': 22262, 'departure_time': 1536584880, 'arrival_time': 1536585180}
208	{'task_type': 'regular', 'locomotive': 22589, 'train_section': 26452, 'section': 22263, 'departure_time': 1536586680, 'arrival_time': 1536588480}
209	{'task_type': 'regular', 'locomotive': 22589, 'train_section': 26454, 'section': 22247, 'departure_time': 1536588720, 'arrival_time': 1536599820}
210	{'task_type': 'deadhead', 'locomotive': 22589, 'first_train_section': 26454, 'first_section': 22247, 'first_departure_time': 1536588720, 'first_arrival_time': 1536599820, 'second_train_section': 29303, 'second_section': 22407, 'second_departure_time': 1536603480, 'second_arrival_time': 1536610140}
211	{'task_type': 'regular', 'locomotive': 22589, 'train_section': 29303, 'section': 22407, 'departure_time': 1536603480, 'arrival_time': 1536610140}
212	{'task_type': 'regular', 'locomotive': 22589, 'train_section': 29305, 'section': 22334, 'departure_time': 1536610620, 'arrival_time': 1536613800}
213	{'task_type': 'regular', 'locomotive': 22590, 'train_section': 23917, 'section': 22377, 'departure_time': 1536530400, 'arrival_time': 1536546900}
214	{'task_type': 'regular', 'locomotive': 22590, 'train_section': 29257, 'section': 22378, 'departure_time': 1536546900, 'arrival_time': 1536550560}
215	{'task_type': 'regular', 'locomotive': 22590, 'train_section': 27796, 'section': 22416, 'departure_time': 1536551640, 'arrival_time': 1536555300}
216	{'task_type': 'regular', 'locomotive': 22590, 'train_section': 30868, 'section': 22378, 'departure_time': 1536555900, 'arrival_time': 1536559560}
217	{'task_type': 'regular', 'locomotive': 22590, 'train_section': 25458, 'section': 22417, 'departure_time': 1536559560, 'arrival_time': 1536571440}
218	{'task_type': 'regular', 'locomotive': 22590, 'train_section': 29420, 'section': 22416, 'departure_time': 1536571440, 'arrival_time': 1536575100}
219	{'task_type': 'regular', 'locomotive': 22590, 'train_section': 27644, 'section': 22378, 'departure_time': 1536575700, 'arrival_time': 1536579360}
220	{'task_type': 'regular', 'locomotive': 22590, 'train_section': 25865, 'section': 22416, 'departure_time': 1536580440, 'arrival_time': 1536584100}
221	{'task_type': 'regular', 'locomotive': 22590, 'train_section': 29399, 'section': 22378, 'departure_time': 1536584700, 'arrival_time': 1536588360}
222	{'task_type': 'regular', 'locomotive': 22590, 'train_section': 23628, 'section': 22416, 'departure_time': 1536589440, 'arrival_time': 1536593100}
223	{'task_type': 'regular', 'locomotive': 22590, 'train_section': 25729, 'section': 22378, 'departure_time': 1536593700, 'arrival_time': 1536597360}
224	{'task_type': 'regular', 'locomotive': 22590, 'train_section': 27691, 'section': 22416, 'departure_time': 1536598440, 'arrival_time': 1536602100}
225	{'task_type': 'regular', 'locomotive': 22590, 'train_section': 24325, 'section': 22378, 'departure_time': 1536602700, 'arrival_time': 1536606360}
226	{'task_type': 'regular', 'locomotive': 22590, 'train_section': 29533, 'section': 22417, 'departure_time': 1536606420, 'arrival_time': 1536611280}
227	{'task_type': 'regular', 'locomotive': 22590, 'train_section': 27837, 'section': 22416, 'departure_time': 1536611280, 'arrival_time': 1536616500}
228	{'task_type': 'regular', 'locomotive': 22590, 'train_section': 22867, 'section': 22377, 'departure_time': 1536616500, 'arrival_time': 1536616740}
229	{'task_type': 'regular', 'locomotive': 22591, 'train_section': 29527, 'section': 22377, 'departure_time': 1536530460, 'arrival_time': 1536548940}
230	{'task_type': 'regular', 'locomotive': 22591, 'train_section': 27101, 'section': 22378, 'departure_time': 1536548940, 'arrival_time': 1536552600}
231	{'task_type': 'regular', 'locomotive': 22591, 'train_section': 26704, 'section': 22416, 'departure_time': 1536553440, 'arrival_time': 1536557100}
232	{'task_type': 'regular', 'locomotive': 22591, 'train_section': 25216, 'section': 22378, 'departure_time': 1536557700, 'arrival_time': 1536561360}
233	{'task_type': 'regular', 'locomotive': 22591, 'train_section': 25319, 'section': 22417, 'departure_time': 1536561360, 'arrival_time': 1536576840}
234	{'task_type': 'regular', 'locomotive': 22591, 'train_section': 24689, 'section': 22416, 'departure_time': 1536576840, 'arrival_time': 1536580500}
235	{'task_type': 'regular', 'locomotive': 22591, 'train_section': 25803, 'section': 22378, 'departure_time': 1536581100, 'arrival_time': 1536584760}
236	{'task_type': 'regular', 'locomotive': 22591, 'train_section': 29582, 'section': 22416, 'departure_time': 1536585840, 'arrival_time': 1536589500}
237	{'task_type': 'regular', 'locomotive': 22591, 'train_section': 27348, 'section': 22378, 'departure_time': 1536590100, 'arrival_time': 1536593760}
238	{'task_type': 'regular', 'locomotive': 22591, 'train_section': 22746, 'section': 22416, 'departure_time': 1536594840, 'arrival_time': 1536598500}
239	{'task_type': 'regular', 'locomotive': 22591, 'train_section': 26197, 'section': 22378, 'departure_time': 1536599100, 'arrival_time': 1536602760}
240	{'task_type': 'regular', 'locomotive': 22591, 'train_section': 22701, 'section': 22416, 'departure_time': 1536605640, 'arrival_time': 1536609300}
241	{'task_type': 'regular', 'locomotive': 22591, 'train_section': 27325, 'section': 22377, 'departure_time': 1536609300, 'arrival_time': 1536616740}
242	{'task_type': 'regular', 'locomotive': 22592, 'train_section': 24046, 'section': 22473, 'departure_time': 1536530460, 'arrival_time': 1536549600}
243	{'task_type': 'regular', 'locomotive': 22592, 'train_section': 25992, 'section': 22474, 'departure_time': 1536549600, 'arrival_time': 1536551280}
244	{'task_type': 'regular', 'locomotive': 22592, 'train_section': 25502, 'section': 22512, 'departure_time': 1536553740, 'arrival_time': 1536557100}
245	{'task_type': 'regular', 'locomotive': 22592, 'train_section': 27113, 'section': 22456, 'departure_time': 1536557700, 'arrival_time': 1536559200}
246	{'task_type': 'regular', 'locomotive': 22592, 'train_section': 26584, 'section': 22416, 'departure_time': 1536575040, 'arrival_time': 1536578700}
247	{'task_type': 'regular', 'locomotive': 22592, 'train_section': 26235, 'section': 22378, 'departure_time': 1536579300, 'arrival_time': 1536582960}
248	{'task_type': 'regular', 'locomotive': 22592, 'train_section': 29930, 'section': 22416, 'departure_time': 1536584040, 'arrival_time': 1536587700}
249	{'task_type': 'regular', 'locomotive': 22592, 'train_section': 29869, 'section': 22378, 'departure_time': 1536588300, 'arrival_time': 1536591960}
250	{'task_type': 'regular', 'locomotive': 22592, 'train_section': 26814, 'section': 22416, 'departure_time': 1536593040, 'arrival_time': 1536596700}
251	{'task_type': 'regular', 'locomotive': 22592, 'train_section': 27896, 'section': 22378, 'departure_time': 1536597300, 'arrival_time': 1536600960}
252	{'task_type': 'regular', 'locomotive': 22592, 'train_section': 24812, 'section': 22416, 'departure_time': 1536602040, 'arrival_time': 1536605700}
253	{'task_type': 'regular', 'locomotive': 22592, 'train_section': 25827, 'section': 22378, 'departure_time': 1536606300, 'arrival_time': 1536609960}
254	{'task_type': 'regular', 'locomotive': 22592, 'train_section': 24602, 'section': 22417, 'departure_time': 1536609960, 'arrival_time': 1536616740}
255	{'task_type': 'regular', 'locomotive': 22594, 'train_section': 25328, 'section': 22251, 'departure_time': 1536553740, 'arrival_time': 1536557460}
256	{'task_type': 'regular', 'locomotive': 22594, 'train_section': 29438, 'section': 22413, 'departure_time': 1536589920, 'arrival_time': 1536593760}
257	{'task_type': 'regular', 'locomotive': 22594, 'train_section': 24873, 'section': 22250, 'departure_time': 1536597360, 'arrival_time': 1536616740}
258	{'task_type': 'regular', 'locomotive': 22596, 'train_section': 24931, 'section': 22502, 'departure_time': 1536530460, 'arrival_time': 1536554700}
259	{'task_type': 'regular', 'locomotive': 22596, 'train_section': 29727, 'section': 22500, 'departure_time': 1536586680, 'arrival_time': 1536589800}
260	{'task_type': 'regular', 'locomotive': 22596, 'train_section': 29704, 'section': 22361, 'departure_time': 1536590340, 'arrival_time': 1536593340}
261	{'task_type': 'regular', 'locomotive': 22596, 'train_section': 27918, 'section': 22501, 'departure_time': 1536611040, 'arrival_time': 1536613260}
262	{'task_type': 'regular', 'locomotive': 22598, 'train_section': 28040, 'section': 22326, 'departure_time': 1536549360, 'arrival_time': 1536555420}
263	{'task_type': 'regular', 'locomotive': 22598, 'train_section': 26845, 'section': 22281, 'departure_time': 1536563640, 'arrival_time': 1536568800}
264	{'task_type': 'regular', 'locomotive': 22598, 'train_section': 27657, 'section': 22350, 'departure_time': 1536576540, 'arrival_time': 1536580200}
265	{'task_type': 'regular', 'locomotive': 22598, 'train_section': 24072, 'section': 22486, 'departure_time': 1536580320, 'arrival_time': 1536583920}
266	{'task_type': 'regular', 'locomotive': 22598, 'train_section': 30613, 'section': 22340, 'departure_time': 1536585540, 'arrival_time': 1536601200}
267	{'task_type': 'regular', 'locomotive': 22599, 'train_section': 31007, 'section': 22428, 'departure_time': 1536538260, 'arrival_time': 1536544020}
268	{'task_type': 'regular', 'locomotive': 22599, 'train_section': 24548, 'section': 22445, 'departure_time': 1536581520, 'arrival_time': 1536587640}
269	{'task_type': 'deadhead', 'locomotive': 22599, 'first_train_section': 24548, 'first_section': 22445, 'first_departure_time': 1536581520, 'first_arrival_time': 1536587640, 'second_train_section': 29979, 'second_section': 22454, 'second_departure_time': 1536593100, 'second_arrival_time': 1536598920}
270	{'task_type': 'regular', 'locomotive': 22599, 'train_section': 29979, 'section': 22454, 'departure_time': 1536593100, 'arrival_time': 1536598920}
271	{'task_type': 'regular', 'locomotive': 22599, 'train_section': 24130, 'section': 22302, 'departure_time': 1536601500, 'arrival_time': 1536616740}
272	{'task_type': 'regular', 'locomotive': 22600, 'train_section': 24289, 'section': 22430, 'departure_time': 1536544980, 'arrival_time': 1536547080}
273	{'task_type': 'deadhead', 'locomotive': 22600, 'first_train_section': 24289, 'first_section': 22430, 'first_departure_time': 1536544980, 'first_arrival_time': 1536547080, 'second_train_section': 25809, 'second_section': 22423, 'second_departure_time': 1536564780, 'second_arrival_time': 1536577320}
274	{'task_type': 'regular', 'locomotive': 22600, 'train_section': 25809, 'section': 22423, 'departure_time': 1536564780, 'arrival_time': 1536577320}
275	{'task_type': 'regular', 'locomotive': 22600, 'train_section': 29065, 'section': 22338, 'departure_time': 1536589440, 'arrival_time': 1536601560}
276	{'task_type': 'deadhead', 'locomotive': 22600, 'first_train_section': 29065, 'first_section': 22338, 'first_departure_time': 1536589440, 'first_arrival_time': 1536601560, 'second_train_section': 28653, 'second_section': 22431, 'second_departure_time': 1536602580, 'second_arrival_time': 1536606540}
277	{'task_type': 'regular', 'locomotive': 22600, 'train_section': 28653, 'section': 22431, 'departure_time': 1536602580, 'arrival_time': 1536606540}
278	{'task_type': 'regular', 'locomotive': 22600, 'train_section': 28655, 'section': 22495, 'departure_time': 1536607680, 'arrival_time': 1536610620}
279	{'task_type': 'regular', 'locomotive': 22600, 'train_section': 28657, 'section': 22307, 'departure_time': 1536611460, 'arrival_time': 1536613500}
280	{'task_type': 'regular', 'locomotive': 22601, 'train_section': 27527, 'section': 22397, 'departure_time': 1536537000, 'arrival_time': 1536545040}
281	{'task_type': 'deadhead', 'locomotive': 22601, 'first_train_section': 27527, 'first_section': 22397, 'first_departure_time': 1536537000, 'first_arrival_time': 1536545040, 'second_train_section': 23987, 'second_section': 22323, 'second_departure_time': 1536548820, 'second_arrival_time': 1536552180}
282	{'task_type': 'regular', 'locomotive': 22601, 'train_section': 23987, 'section': 22323, 'departure_time': 1536548820, 'arrival_time': 1536552180}
283	{'task_type': 'regular', 'locomotive': 22601, 'train_section': 23989, 'section': 22337, 'departure_time': 1536553920, 'arrival_time': 1536560760}
284	{'task_type': 'deadhead', 'locomotive': 22601, 'first_train_section': 23989, 'first_section': 22337, 'first_departure_time': 1536553920, 'first_arrival_time': 1536560760, 'second_train_section': 31192, 'second_section': 22410, 'second_departure_time': 1536562860, 'second_arrival_time': 1536565680}
285	{'task_type': 'regular', 'locomotive': 22601, 'train_section': 31192, 'section': 22410, 'departure_time': 1536562860, 'arrival_time': 1536565680}
286	{'task_type': 'regular', 'locomotive': 22601, 'train_section': 26194, 'section': 22489, 'departure_time': 1536572820, 'arrival_time': 1536575820}
287	{'task_type': 'deadhead', 'locomotive': 22601, 'first_train_section': 26194, 'first_section': 22489, 'first_departure_time': 1536572820, 'first_arrival_time': 1536575820, 'second_train_section': 28166, 'second_section': 22404, 'second_departure_time': 1536587760, 'second_arrival_time': 1536597300}
288	{'task_type': 'regular', 'locomotive': 22601, 'train_section': 28166, 'section': 22404, 'departure_time': 1536587760, 'arrival_time': 1536597300}
289	{'task_type': 'regular', 'locomotive': 22601, 'train_section': 28168, 'section': 22245, 'departure_time': 1536597540, 'arrival_time': 1536602580}
290	{'task_type': 'regular', 'locomotive': 22601, 'train_section': 28170, 'section': 22308, 'departure_time': 1536603600, 'arrival_time': 1536606360}
291	{'task_type': 'regular', 'locomotive': 22601, 'train_section': 30863, 'section': 22495, 'departure_time': 1536606900, 'arrival_time': 1536609900}
292	{'task_type': 'regular', 'locomotive': 22601, 'train_section': 29227, 'section': 22309, 'departure_time': 1536610140, 'arrival_time': 1536614880}
293	{'task_type': 'regular', 'locomotive': 22602, 'train_section': 23897, 'section': 22431, 'departure_time': 1536536580, 'arrival_time': 1536540600}
294	{'task_type': 'regular', 'locomotive': 22602, 'train_section': 23899, 'section': 22495, 'departure_time': 1536542280, 'arrival_time': 1536545220}
295	{'task_type': 'regular', 'locomotive': 22602, 'train_section': 23901, 'section': 22306, 'departure_time': 1536546300, 'arrival_time': 1536550020}
296	{'task_type': 'regular', 'locomotive': 22602, 'train_section': 29157, 'section': 22370, 'departure_time': 1536559260, 'arrival_time': 1536561420}
297	{'task_type': 'regular', 'locomotive': 22602, 'train_section': 28296, 'section': 22444, 'departure_time': 1536563520, 'arrival_time': 1536565560}
298	{'task_type': 'regular', 'locomotive': 22602, 'train_section': 23665, 'section': 22371, 'departure_time': 1536574500, 'arrival_time': 1536576300}
299	{'task_type': 'regular', 'locomotive': 22602, 'train_section': 29548, 'section': 22482, 'departure_time': 1536576480, 'arrival_time': 1536578100}
300	{'task_type': 'regular', 'locomotive': 22602, 'train_section': 28862, 'section': 22370, 'departure_time': 1536586620, 'arrival_time': 1536588360}
301	{'task_type': 'regular', 'locomotive': 22602, 'train_section': 24028, 'section': 22444, 'departure_time': 1536589440, 'arrival_time': 1536591180}
302	{'task_type': 'deadhead', 'locomotive': 22602, 'first_train_section': 24028, 'first_section': 22444, 'first_departure_time': 1536589440, 'first_arrival_time': 1536591180, 'second_train_section': 29404, 'second_section': 22264, 'second_departure_time': 1536594780, 'second_arrival_time': 1536595200}
303	{'task_type': 'regular', 'locomotive': 22602, 'train_section': 29404, 'section': 22264, 'departure_time': 1536594780, 'arrival_time': 1536595200}
304	{'task_type': 'regular', 'locomotive': 22602, 'train_section': 26905, 'section': 22259, 'departure_time': 1536600240, 'arrival_time': 1536600540}
305	{'task_type': 'deadhead', 'locomotive': 22602, 'first_train_section': 26905, 'first_section': 22259, 'first_departure_time': 1536600240, 'first_arrival_time': 1536600540, 'second_train_section': 25638, 'second_section': 22261, 'second_departure_time': 1536608700, 'second_arrival_time': 1536610260}
306	{'task_type': 'regular', 'locomotive': 22602, 'train_section': 25638, 'section': 22261, 'departure_time': 1536608700, 'arrival_time': 1536610260}
307	{'task_type': 'deadhead', 'locomotive': 22602, 'first_train_section': 25638, 'first_section': 22261, 'first_departure_time': 1536608700, 'first_arrival_time': 1536610260, 'second_train_section': 25956, 'second_section': 22259, 'second_departure_time': 1536613620, 'second_arrival_time': 1536614040}
308	{'task_type': 'regular', 'locomotive': 22602, 'train_section': 25956, 'section': 22259, 'departure_time': 1536613620, 'arrival_time': 1536614040}
309	{'task_type': 'regular', 'locomotive': 22603, 'train_section': 24257, 'section': 22431, 'departure_time': 1536559800, 'arrival_time': 1536564420}
310	{'task_type': 'regular', 'locomotive': 22603, 'train_section': 24259, 'section': 22495, 'departure_time': 1536565680, 'arrival_time': 1536568560}
311	{'task_type': 'regular', 'locomotive': 22603, 'train_section': 24261, 'section': 22309, 'departure_time': 1536569160, 'arrival_time': 1536573720}
312	{'task_type': 'regular', 'locomotive': 22604, 'train_section': 29080, 'section': 22404, 'departure_time': 1536541260, 'arrival_time': 1536550260}
313	{'task_type': 'regular', 'locomotive': 22604, 'train_section': 29082, 'section': 22248, 'departure_time': 1536551400, 'arrival_time': 1536554160}
314	{'task_type': 'regular', 'locomotive': 22604, 'train_section': 23719, 'section': 22482, 'departure_time': 1536589500, 'arrival_time': 1536591420}
315	{'task_type': 'regular', 'locomotive': 22604, 'train_section': 23721, 'section': 22367, 'departure_time': 1536594780, 'arrival_time': 1536596040}
316	{'task_type': 'regular', 'locomotive': 22604, 'train_section': 23723, 'section': 22247, 'departure_time': 1536597060, 'arrival_time': 1536606060}
317	{'task_type': 'regular', 'locomotive': 22605, 'train_section': 23803, 'section': 22427, 'departure_time': 1536538800, 'arrival_time': 1536541740}
318	{'task_type': 'regular', 'locomotive': 22605, 'train_section': 23805, 'section': 22443, 'departure_time': 1536542700, 'arrival_time': 1536544380}
319	{'task_type': 'regular', 'locomotive': 22605, 'train_section': 23807, 'section': 22495, 'departure_time': 1536545280, 'arrival_time': 1536548220}
320	{'task_type': 'regular', 'locomotive': 22605, 'train_section': 23809, 'section': 22304, 'departure_time': 1536549240, 'arrival_time': 1536553620}
321	{'task_type': 'regular', 'locomotive': 22605, 'train_section': 23811, 'section': 22247, 'departure_time': 1536553800, 'arrival_time': 1536563940}
322	{'task_type': 'deadhead', 'locomotive': 22605, 'first_train_section': 23811, 'first_section': 22247, 'first_departure_time': 1536553800, 'first_arrival_time': 1536563940, 'second_train_section': 28093, 'second_section': 22407, 'second_departure_time': 1536567960, 'second_arrival_time': 1536574800}
323	{'task_type': 'regular', 'locomotive': 22605, 'train_section': 28093, 'section': 22407, 'departure_time': 1536567960, 'arrival_time': 1536574800}
324	{'task_type': 'deadhead', 'locomotive': 22605, 'first_train_section': 28093, 'first_section': 22407, 'first_departure_time': 1536567960, 'first_arrival_time': 1536574800, 'second_train_section': 29074, 'second_section': 22472, 'second_departure_time': 1536577980, 'second_arrival_time': 1536583140}
325	{'task_type': 'regular', 'locomotive': 22605, 'train_section': 29074, 'section': 22472, 'departure_time': 1536577980, 'arrival_time': 1536583140}
326	{'task_type': 'regular', 'locomotive': 22605, 'train_section': 24074, 'section': 22341, 'departure_time': 1536584220, 'arrival_time': 1536588120}
327	{'task_type': 'regular', 'locomotive': 22605, 'train_section': 24076, 'section': 22264, 'departure_time': 1536589740, 'arrival_time': 1536590160}
328	{'task_type': 'deadhead', 'locomotive': 22605, 'first_train_section': 24076, 'first_section': 22264, 'first_departure_time': 1536589740, 'first_arrival_time': 1536590160, 'second_train_section': 23591, 'second_section': 22480, 'second_departure_time': 1536594900, 'second_arrival_time': 1536597060}
329	{'task_type': 'regular', 'locomotive': 22605, 'train_section': 23591, 'section': 22480, 'departure_time': 1536594900, 'arrival_time': 1536597060}
330	{'task_type': 'regular', 'locomotive': 22605, 'train_section': 23593, 'section': 22308, 'departure_time': 1536598080, 'arrival_time': 1536601020}
331	{'task_type': 'regular', 'locomotive': 22605, 'train_section': 23595, 'section': 22496, 'departure_time': 1536601740, 'arrival_time': 1536606360}
332	{'task_type': 'regular', 'locomotive': 22606, 'train_section': 25656, 'section': 22423, 'departure_time': 1536540180, 'arrival_time': 1536551280}
333	{'task_type': 'regular', 'locomotive': 22606, 'train_section': 26499, 'section': 22339, 'departure_time': 1536552840, 'arrival_time': 1536554400}
334	{'task_type': 'regular', 'locomotive': 22606, 'train_section': 29816, 'section': 22497, 'departure_time': 1536558960, 'arrival_time': 1536560340}
335	{'task_type': 'regular', 'locomotive': 22606, 'train_section': 28549, 'section': 22338, 'departure_time': 1536563100, 'arrival_time': 1536575040}
336	{'task_type': 'deadhead', 'locomotive': 22606, 'first_train_section': 28549, 'first_section': 22338, 'first_departure_time': 1536563100, 'first_arrival_time': 1536575040, 'second_train_section': 26908, 'second_section': 22475, 'second_departure_time': 1536589860, 'second_arrival_time': 1536593880}
337	{'task_type': 'regular', 'locomotive': 22606, 'train_section': 26908, 'section': 22475, 'departure_time': 1536589860, 'arrival_time': 1536593880}
338	{'task_type': 'deadhead', 'locomotive': 22606, 'first_train_section': 26908, 'first_section': 22475, 'first_departure_time': 1536589860, 'first_arrival_time': 1536593880, 'second_train_section': 27463, 'second_section': 22243, 'second_departure_time': 1536597360, 'second_arrival_time': 1536598020}
339	{'task_type': 'regular', 'locomotive': 22606, 'train_section': 27463, 'section': 22243, 'departure_time': 1536597360, 'arrival_time': 1536598020}
340	{'task_type': 'deadhead', 'locomotive': 22606, 'first_train_section': 27463, 'first_section': 22243, 'first_departure_time': 1536597360, 'first_arrival_time': 1536598020, 'second_train_section': 30861, 'second_section': 22434, 'second_departure_time': 1536600960, 'second_arrival_time': 1536606240}
341	{'task_type': 'regular', 'locomotive': 22606, 'train_section': 30861, 'section': 22434, 'departure_time': 1536600960, 'arrival_time': 1536606240}
342	{'task_type': 'regular', 'locomotive': 22606, 'train_section': 28172, 'section': 22496, 'departure_time': 1536607740, 'arrival_time': 1536612060}
343	{'task_type': 'deadhead', 'locomotive': 22606, 'first_train_section': 28172, 'first_section': 22496, 'first_departure_time': 1536607740, 'first_arrival_time': 1536612060, 'second_train_section': 29198, 'second_section': 22429, 'second_departure_time': 1536612840, 'second_arrival_time': 1536615480}
344	{'task_type': 'regular', 'locomotive': 22606, 'train_section': 29198, 'section': 22429, 'departure_time': 1536612840, 'arrival_time': 1536615480}
345	{'task_type': 'regular', 'locomotive': 22607, 'train_section': 23261, 'section': 22419, 'departure_time': 1536540420, 'arrival_time': 1536546780}
346	{'task_type': 'regular', 'locomotive': 22607, 'train_section': 23122, 'section': 22252, 'departure_time': 1536597240, 'arrival_time': 1536602760}
347	{'task_type': 'regular', 'locomotive': 22607, 'train_section': 23124, 'section': 22385, 'departure_time': 1536605220, 'arrival_time': 1536606000}
348	{'task_type': 'deadhead', 'locomotive': 22607, 'first_train_section': 23124, 'first_section': 22385, 'first_departure_time': 1536605220, 'first_arrival_time': 1536606000, 'second_train_section': 25017, 'second_section': 22386, 'second_departure_time': 1536607320, 'second_arrival_time': 1536612360}
349	{'task_type': 'regular', 'locomotive': 22607, 'train_section': 25017, 'section': 22386, 'departure_time': 1536607320, 'arrival_time': 1536612360}
350	{'task_type': 'regular', 'locomotive': 22608, 'train_section': 23735, 'section': 22403, 'departure_time': 1536550860, 'arrival_time': 1536553260}
351	{'task_type': 'regular', 'locomotive': 22608, 'train_section': 28993, 'section': 22242, 'departure_time': 1536585660, 'arrival_time': 1536588420}
352	{'task_type': 'deadhead', 'locomotive': 22608, 'first_train_section': 28993, 'first_section': 22242, 'first_departure_time': 1536585660, 'first_arrival_time': 1536588420, 'second_train_section': 26223, 'second_section': 22394, 'second_departure_time': 1536591120, 'second_arrival_time': 1536595560}
353	{'task_type': 'regular', 'locomotive': 22608, 'train_section': 26223, 'section': 22394, 'departure_time': 1536591120, 'arrival_time': 1536595560}
354	{'task_type': 'regular', 'locomotive': 22609, 'train_section': 23100, 'section': 22404, 'departure_time': 1536537780, 'arrival_time': 1536546420}
355	{'task_type': 'regular', 'locomotive': 22609, 'train_section': 23102, 'section': 22245, 'departure_time': 1536546600, 'arrival_time': 1536550980}
356	{'task_type': 'regular', 'locomotive': 22609, 'train_section': 23104, 'section': 22308, 'departure_time': 1536551700, 'arrival_time': 1536554400}
357	{'task_type': 'regular', 'locomotive': 22609, 'train_section': 22754, 'section': 22495, 'departure_time': 1536566040, 'arrival_time': 1536568920}
358	{'task_type': 'deadhead', 'locomotive': 22609, 'first_train_section': 22754, 'first_section': 22495, 'first_departure_time': 1536566040, 'first_arrival_time': 1536568920, 'second_train_section': 28429, 'second_section': 22495, 'second_departure_time': 1536587280, 'second_arrival_time': 1536590040}
359	{'task_type': 'regular', 'locomotive': 22609, 'train_section': 28429, 'section': 22495, 'departure_time': 1536587280, 'arrival_time': 1536590040}
360	{'task_type': 'regular', 'locomotive': 22609, 'train_section': 28431, 'section': 22304, 'departure_time': 1536590640, 'arrival_time': 1536595200}
361	{'task_type': 'regular', 'locomotive': 22609, 'train_section': 28433, 'section': 22247, 'departure_time': 1536595380, 'arrival_time': 1536604620}
362	{'task_type': 'deadhead', 'locomotive': 22609, 'first_train_section': 28433, 'first_section': 22247, 'first_departure_time': 1536595380, 'first_arrival_time': 1536604620, 'second_train_section': 27628, 'second_section': 22404, 'second_departure_time': 1536605220, 'second_arrival_time': 1536614160}
363	{'task_type': 'regular', 'locomotive': 22609, 'train_section': 27628, 'section': 22404, 'departure_time': 1536605220, 'arrival_time': 1536614160}
364	{'task_type': 'regular', 'locomotive': 22610, 'train_section': 23985, 'section': 22288, 'departure_time': 1536541620, 'arrival_time': 1536548160}
365	{'task_type': 'deadhead', 'locomotive': 22610, 'first_train_section': 23985, 'first_section': 22288, 'first_departure_time': 1536541620, 'first_arrival_time': 1536548160, 'second_train_section': 30484, 'second_section': 22326, 'second_departure_time': 1536550620, 'second_arrival_time': 1536559560}
366	{'task_type': 'regular', 'locomotive': 22610, 'train_section': 30484, 'section': 22326, 'departure_time': 1536550620, 'arrival_time': 1536559560}
367	{'task_type': 'deadhead', 'locomotive': 22610, 'first_train_section': 30484, 'first_section': 22326, 'first_departure_time': 1536550620, 'first_arrival_time': 1536559560, 'second_train_section': 23998, 'second_section': 22447, 'second_departure_time': 1536586800, 'second_arrival_time': 1536589680}
368	{'task_type': 'regular', 'locomotive': 22610, 'train_section': 23998, 'section': 22447, 'departure_time': 1536586800, 'arrival_time': 1536589680}
369	{'task_type': 'deadhead', 'locomotive': 22610, 'first_train_section': 23998, 'first_section': 22447, 'first_departure_time': 1536586800, 'first_arrival_time': 1536589680, 'second_train_section': 23768, 'second_section': 22327, 'second_departure_time': 1536594180, 'second_arrival_time': 1536601260}
370	{'task_type': 'regular', 'locomotive': 22610, 'train_section': 23768, 'section': 22327, 'departure_time': 1536594180, 'arrival_time': 1536601260}
371	{'task_type': 'regular', 'locomotive': 22610, 'train_section': 27177, 'section': 22319, 'departure_time': 1536601260, 'arrival_time': 1536616680}
372	{'task_type': 'regular', 'locomotive': 22612, 'train_section': 27032, 'section': 22235, 'departure_time': 1536548340, 'arrival_time': 1536548820}
373	{'task_type': 'regular', 'locomotive': 22612, 'train_section': 28660, 'section': 22511, 'departure_time': 1536549360, 'arrival_time': 1536552000}
374	{'task_type': 'regular', 'locomotive': 22612, 'train_section': 26928, 'section': 22390, 'departure_time': 1536554820, 'arrival_time': 1536556620}
375	{'task_type': 'regular', 'locomotive': 22612, 'train_section': 30801, 'section': 22233, 'departure_time': 1536560460, 'arrival_time': 1536575940}
376	{'task_type': 'regular', 'locomotive': 22612, 'train_section': 27709, 'section': 22343, 'departure_time': 1536576000, 'arrival_time': 1536584520}
377	{'task_type': 'deadhead', 'locomotive': 22612, 'first_train_section': 27709, 'first_section': 22343, 'first_departure_time': 1536576000, 'first_arrival_time': 1536584520, 'second_train_section': 27793, 'second_section': 22279, 'second_departure_time': 1536587400, 'second_arrival_time': 1536592320}
378	{'task_type': 'regular', 'locomotive': 22612, 'train_section': 27793, 'section': 22279, 'departure_time': 1536587400, 'arrival_time': 1536592320}
379	{'task_type': 'regular', 'locomotive': 22612, 'train_section': 29692, 'section': 22315, 'departure_time': 1536598080, 'arrival_time': 1536602580}
380	{'task_type': 'regular', 'locomotive': 22619, 'train_section': 28197, 'section': 22330, 'departure_time': 1536536400, 'arrival_time': 1536544620}
381	{'task_type': 'regular', 'locomotive': 22619, 'train_section': 30411, 'section': 22393, 'departure_time': 1536555540, 'arrival_time': 1536557280}
382	{'task_type': 'regular', 'locomotive': 22619, 'train_section': 24686, 'section': 22242, 'departure_time': 1536594780, 'arrival_time': 1536597720}
383	{'task_type': 'deadhead', 'locomotive': 22619, 'first_train_section': 24686, 'first_section': 22242, 'first_departure_time': 1536594780, 'first_arrival_time': 1536597720, 'second_train_section': 30692, 'second_section': 22404, 'second_departure_time': 1536599940, 'second_arrival_time': 1536608820}
384	{'task_type': 'regular', 'locomotive': 22619, 'train_section': 30692, 'section': 22404, 'departure_time': 1536599940, 'arrival_time': 1536608820}
385	{'task_type': 'regular', 'locomotive': 22619, 'train_section': 30694, 'section': 22245, 'departure_time': 1536609420, 'arrival_time': 1536614100}
386	{'task_type': 'regular', 'locomotive': 22620, 'train_section': 26800, 'section': 22355, 'departure_time': 1536566760, 'arrival_time': 1536568620}
387	{'task_type': 'regular', 'locomotive': 22620, 'train_section': 26802, 'section': 22271, 'departure_time': 1536577380, 'arrival_time': 1536581400}
388	{'task_type': 'deadhead', 'locomotive': 22620, 'first_train_section': 26802, 'first_section': 22271, 'first_departure_time': 1536577380, 'first_arrival_time': 1536581400, 'second_train_section': 30331, 'second_section': 22396, 'second_departure_time': 1536584160, 'second_arrival_time': 1536586020}
389	{'task_type': 'regular', 'locomotive': 22620, 'train_section': 30331, 'section': 22396, 'departure_time': 1536584160, 'arrival_time': 1536586020}
390	{'task_type': 'regular', 'locomotive': 22620, 'train_section': 24164, 'section': 22318, 'departure_time': 1536586500, 'arrival_time': 1536591000}
391	{'task_type': 'regular', 'locomotive': 22620, 'train_section': 29407, 'section': 22488, 'departure_time': 1536592440, 'arrival_time': 1536596820}
392	{'task_type': 'regular', 'locomotive': 22620, 'train_section': 26479, 'section': 22317, 'departure_time': 1536597120, 'arrival_time': 1536598860}
393	{'task_type': 'regular', 'locomotive': 22622, 'train_section': 26660, 'section': 22336, 'departure_time': 1536546180, 'arrival_time': 1536552300}
394	{'task_type': 'regular', 'locomotive': 22622, 'train_section': 23550, 'section': 22400, 'departure_time': 1536554580, 'arrival_time': 1536558480}
395	{'task_type': 'regular', 'locomotive': 22622, 'train_section': 26460, 'section': 22382, 'departure_time': 1536558480, 'arrival_time': 1536573360}
396	{'task_type': 'regular', 'locomotive': 22622, 'train_section': 30025, 'section': 22383, 'departure_time': 1536573360, 'arrival_time': 1536577500}
397	{'task_type': 'regular', 'locomotive': 22622, 'train_section': 29768, 'section': 22401, 'departure_time': 1536579300, 'arrival_time': 1536580680}
398	{'task_type': 'regular', 'locomotive': 22622, 'train_section': 28467, 'section': 22466, 'departure_time': 1536581100, 'arrival_time': 1536582240}
399	{'task_type': 'deadhead', 'locomotive': 22622, 'first_train_section': 28467, 'first_section': 22466, 'first_departure_time': 1536581100, 'first_arrival_time': 1536582240, 'second_train_section': 26188, 'second_section': 22240, 'second_departure_time': 1536592620, 'second_arrival_time': 1536594900}
400	{'task_type': 'regular', 'locomotive': 22622, 'train_section': 26188, 'section': 22240, 'departure_time': 1536592620, 'arrival_time': 1536594900}
401	{'task_type': 'regular', 'locomotive': 22622, 'train_section': 26368, 'section': 22400, 'departure_time': 1536598200, 'arrival_time': 1536601620}
402	{'task_type': 'regular', 'locomotive': 22622, 'train_section': 28801, 'section': 22382, 'departure_time': 1536601620, 'arrival_time': 1536616740}
403	{'task_type': 'regular', 'locomotive': 22623, 'train_section': 23348, 'section': 22388, 'departure_time': 1536557880, 'arrival_time': 1536559980}
404	{'task_type': 'regular', 'locomotive': 22623, 'train_section': 25580, 'section': 22492, 'departure_time': 1536560640, 'arrival_time': 1536569880}
405	{'task_type': 'regular', 'locomotive': 22623, 'train_section': 30216, 'section': 22279, 'departure_time': 1536576600, 'arrival_time': 1536582180}
406	{'task_type': 'regular', 'locomotive': 22623, 'train_section': 29794, 'section': 22313, 'departure_time': 1536583680, 'arrival_time': 1536588600}
407	{'task_type': 'regular', 'locomotive': 22623, 'train_section': 26035, 'section': 22277, 'departure_time': 1536608100, 'arrival_time': 1536611580}
408	{'task_type': 'regular', 'locomotive': 22623, 'train_section': 24934, 'section': 22237, 'departure_time': 1536611580, 'arrival_time': 1536616740}
409	{'task_type': 'regular', 'locomotive': 22625, 'train_section': 27530, 'section': 22472, 'departure_time': 1536556380, 'arrival_time': 1536561540}
410	{'task_type': 'regular', 'locomotive': 22625, 'train_section': 30548, 'section': 22342, 'departure_time': 1536563940, 'arrival_time': 1536569220}
411	{'task_type': 'regular', 'locomotive': 22625, 'train_section': 30207, 'section': 22285, 'departure_time': 1536580920, 'arrival_time': 1536590040}
412	{'task_type': 'regular', 'locomotive': 22625, 'train_section': 24520, 'section': 22492, 'departure_time': 1536593040, 'arrival_time': 1536602280}
413	{'task_type': 'regular', 'locomotive': 22625, 'train_section': 30897, 'section': 22284, 'departure_time': 1536605520, 'arrival_time': 1536609180}
414	{'task_type': 'regular', 'locomotive': 22625, 'train_section': 25583, 'section': 22464, 'departure_time': 1536609180, 'arrival_time': 1536616740}
415	{'task_type': 'regular', 'locomotive': 22631, 'train_section': 22752, 'section': 22431, 'departure_time': 1536559380, 'arrival_time': 1536564060}
416	{'task_type': 'regular', 'locomotive': 22631, 'train_section': 23579, 'section': 22496, 'departure_time': 1536569820, 'arrival_time': 1536574500}
417	{'task_type': 'deadhead', 'locomotive': 22631, 'first_train_section': 23579, 'first_section': 22496, 'first_departure_time': 1536569820, 'first_arrival_time': 1536574500, 'second_train_section': 28427, 'second_section': 22431, 'second_departure_time': 1536581160, 'second_arrival_time': 1536586200}
418	{'task_type': 'regular', 'locomotive': 22631, 'train_section': 28427, 'section': 22431, 'departure_time': 1536581160, 'arrival_time': 1536586200}
419	{'task_type': 'regular', 'locomotive': 22631, 'train_section': 26875, 'section': 22496, 'departure_time': 1536593880, 'arrival_time': 1536598800}
420	{'task_type': 'regular', 'locomotive': 22631, 'train_section': 28334, 'section': 22432, 'departure_time': 1536600480, 'arrival_time': 1536602100}
421	{'task_type': 'regular', 'locomotive': 22631, 'train_section': 22737, 'section': 22460, 'departure_time': 1536603660, 'arrival_time': 1536606000}
422	{'task_type': 'deadhead', 'locomotive': 22631, 'first_train_section': 22737, 'first_section': 22460, 'first_departure_time': 1536603660, 'first_arrival_time': 1536606000, 'second_train_section': 27650, 'second_section': 22431, 'second_departure_time': 1536606240, 'second_arrival_time': 1536610080}
423	{'task_type': 'regular', 'locomotive': 22631, 'train_section': 27650, 'section': 22431, 'departure_time': 1536606240, 'arrival_time': 1536610080}
424	{'task_type': 'regular', 'locomotive': 22631, 'train_section': 27652, 'section': 22495, 'departure_time': 1536611220, 'arrival_time': 1536613980}
425	{'task_type': 'regular', 'locomotive': 22632, 'train_section': 26925, 'section': 22502, 'departure_time': 1536530460, 'arrival_time': 1536554700}
426	{'task_type': 'regular', 'locomotive': 22632, 'train_section': 30644, 'section': 22499, 'departure_time': 1536558300, 'arrival_time': 1536563460}
427	{'task_type': 'regular', 'locomotive': 22632, 'train_section': 26780, 'section': 22350, 'departure_time': 1536567900, 'arrival_time': 1536571920}
428	{'task_type': 'regular', 'locomotive': 22632, 'train_section': 29402, 'section': 22485, 'departure_time': 1536584340, 'arrival_time': 1536592980}
429	{'task_type': 'deadhead', 'locomotive': 22632, 'first_train_section': 29402, 'first_section': 22485, 'first_departure_time': 1536584340, 'first_arrival_time': 1536592980, 'second_train_section': 25042, 'second_section': 22483, 'second_departure_time': 1536599640, 'second_arrival_time': 1536602760}
430	{'task_type': 'regular', 'locomotive': 22632, 'train_section': 25042, 'section': 22483, 'departure_time': 1536599640, 'arrival_time': 1536602760}
431	{'task_type': 'regular', 'locomotive': 22632, 'train_section': 29163, 'section': 22508, 'departure_time': 1536608220, 'arrival_time': 1536611760}
432	{'task_type': 'regular', 'locomotive': 22636, 'train_section': 30882, 'section': 22414, 'departure_time': 1536595020, 'arrival_time': 1536599460}
433	{'task_type': 'regular', 'locomotive': 22636, 'train_section': 30035, 'section': 22353, 'departure_time': 1536599460, 'arrival_time': 1536616740}
434	{'task_type': 'regular', 'locomotive': 22638, 'train_section': 28393, 'section': 22417, 'departure_time': 1536530400, 'arrival_time': 1536549840}
435	{'task_type': 'regular', 'locomotive': 22638, 'train_section': 27246, 'section': 22416, 'departure_time': 1536549840, 'arrival_time': 1536553500}
436	{'task_type': 'regular', 'locomotive': 22638, 'train_section': 28509, 'section': 22378, 'departure_time': 1536554100, 'arrival_time': 1536557760}
437	{'task_type': 'regular', 'locomotive': 22638, 'train_section': 25222, 'section': 22416, 'departure_time': 1536558840, 'arrival_time': 1536562500}
438	{'task_type': 'regular', 'locomotive': 22638, 'train_section': 27235, 'section': 22378, 'departure_time': 1536563100, 'arrival_time': 1536566760}
439	{'task_type': 'regular', 'locomotive': 22638, 'train_section': 26606, 'section': 22417, 'departure_time': 1536566760, 'arrival_time': 1536578640}
440	{'task_type': 'regular', 'locomotive': 22638, 'train_section': 30263, 'section': 22416, 'departure_time': 1536578640, 'arrival_time': 1536582300}
441	{'task_type': 'regular', 'locomotive': 22638, 'train_section': 27168, 'section': 22378, 'departure_time': 1536582900, 'arrival_time': 1536586560}
442	{'task_type': 'regular', 'locomotive': 22638, 'train_section': 22858, 'section': 22416, 'departure_time': 1536587640, 'arrival_time': 1536591300}
443	{'task_type': 'regular', 'locomotive': 22638, 'train_section': 31186, 'section': 22378, 'departure_time': 1536591900, 'arrival_time': 1536595560}
444	{'task_type': 'regular', 'locomotive': 22638, 'train_section': 31069, 'section': 22416, 'departure_time': 1536596640, 'arrival_time': 1536600300}
445	{'task_type': 'regular', 'locomotive': 22638, 'train_section': 30269, 'section': 22378, 'departure_time': 1536600900, 'arrival_time': 1536604560}
446	{'task_type': 'regular', 'locomotive': 22638, 'train_section': 30193, 'section': 22417, 'departure_time': 1536604560, 'arrival_time': 1536616740}
447	{'task_type': 'regular', 'locomotive': 22639, 'train_section': 25213, 'section': 22416, 'departure_time': 1536548040, 'arrival_time': 1536551700}
448	{'task_type': 'regular', 'locomotive': 22639, 'train_section': 26011, 'section': 22378, 'departure_time': 1536552300, 'arrival_time': 1536555960}
449	{'task_type': 'regular', 'locomotive': 22639, 'train_section': 31195, 'section': 22417, 'departure_time': 1536559200, 'arrival_time': 1536586200}
450	{'task_type': 'regular', 'locomotive': 22639, 'train_section': 26938, 'section': 22418, 'departure_time': 1536586200, 'arrival_time': 1536587700}
451	{'task_type': 'regular', 'locomotive': 22639, 'train_section': 23650, 'section': 22459, 'departure_time': 1536589080, 'arrival_time': 1536592560}
452	{'task_type': 'regular', 'locomotive': 22639, 'train_section': 25417, 'section': 22513, 'departure_time': 1536593880, 'arrival_time': 1536595500}
453	{'task_type': 'regular', 'locomotive': 22639, 'train_section': 28327, 'section': 22473, 'departure_time': 1536595500, 'arrival_time': 1536616740}
454	{'task_type': 'regular', 'locomotive': 22644, 'train_section': 28399, 'section': 22509, 'departure_time': 1536559980, 'arrival_time': 1536560700}
455	{'task_type': 'regular', 'locomotive': 22644, 'train_section': 22954, 'section': 22498, 'departure_time': 1536568140, 'arrival_time': 1536568860}
456	{'task_type': 'regular', 'locomotive': 22644, 'train_section': 26871, 'section': 22505, 'departure_time': 1536581940, 'arrival_time': 1536587820}
457	{'task_type': 'regular', 'locomotive': 22644, 'train_section': 26873, 'section': 22308, 'departure_time': 1536589200, 'arrival_time': 1536592020}
458	{'task_type': 'deadhead', 'locomotive': 22644, 'first_train_section': 26873, 'first_section': 22308, 'first_departure_time': 1536589200, 'first_arrival_time': 1536592020, 'second_train_section': 24427, 'second_section': 22443, 'second_departure_time': 1536598800, 'second_arrival_time': 1536600600}
459	{'task_type': 'regular', 'locomotive': 22644, 'train_section': 24427, 'section': 22443, 'departure_time': 1536598800, 'arrival_time': 1536600600}
460	{'task_type': 'regular', 'locomotive': 22644, 'train_section': 24429, 'section': 22495, 'departure_time': 1536601980, 'arrival_time': 1536604860}
461	{'task_type': 'regular', 'locomotive': 22644, 'train_section': 24431, 'section': 22304, 'departure_time': 1536605940, 'arrival_time': 1536610380}
462	{'task_type': 'regular', 'locomotive': 22645, 'train_section': 29101, 'section': 22504, 'departure_time': 1536546720, 'arrival_time': 1536551520}
463	{'task_type': 'regular', 'locomotive': 22645, 'train_section': 29103, 'section': 22247, 'departure_time': 1536551880, 'arrival_time': 1536561660}
464	{'task_type': 'deadhead', 'locomotive': 22645, 'first_train_section': 29103, 'first_section': 22247, 'first_departure_time': 1536551880, 'first_arrival_time': 1536561660, 'second_train_section': 29088, 'second_section': 22404, 'second_departure_time': 1536582180, 'second_arrival_time': 1536590700}
465	{'task_type': 'regular', 'locomotive': 22645, 'train_section': 29088, 'section': 22404, 'departure_time': 1536582180, 'arrival_time': 1536590700}
466	{'task_type': 'regular', 'locomotive': 22645, 'train_section': 29091, 'section': 22249, 'departure_time': 1536590880, 'arrival_time': 1536596880}
467	{'task_type': 'regular', 'locomotive': 22645, 'train_section': 27877, 'section': 22504, 'departure_time': 1536608820, 'arrival_time': 1536613860}
468	{'task_type': 'regular', 'locomotive': 22646, 'train_section': 23575, 'section': 22505, 'departure_time': 1536559080, 'arrival_time': 1536564000}
469	{'task_type': 'regular', 'locomotive': 22646, 'train_section': 23577, 'section': 22308, 'departure_time': 1536565680, 'arrival_time': 1536568500}
470	{'task_type': 'deadhead', 'locomotive': 22646, 'first_train_section': 23577, 'first_section': 22308, 'first_departure_time': 1536565680, 'first_arrival_time': 1536568500, 'second_train_section': 27281, 'second_section': 22441, 'second_departure_time': 1536573240, 'second_arrival_time': 1536577200}
471	{'task_type': 'regular', 'locomotive': 22646, 'train_section': 27281, 'section': 22441, 'departure_time': 1536573240, 'arrival_time': 1536577200}
472	{'task_type': 'deadhead', 'locomotive': 22646, 'first_train_section': 27281, 'first_section': 22441, 'first_departure_time': 1536573240, 'first_arrival_time': 1536577200, 'second_train_section': 24425, 'second_section': 22427, 'second_departure_time': 1536595200, 'second_arrival_time': 1536598080}
473	{'task_type': 'regular', 'locomotive': 22646, 'train_section': 24425, 'section': 22427, 'departure_time': 1536595200, 'arrival_time': 1536598080}
474	{'task_type': 'regular', 'locomotive': 22646, 'train_section': 24695, 'section': 22441, 'departure_time': 1536604260, 'arrival_time': 1536607380}
475	{'task_type': 'regular', 'locomotive': 22648, 'train_section': 29902, 'section': 22361, 'departure_time': 1536554880, 'arrival_time': 1536557340}
476	{'task_type': 'regular', 'locomotive': 22648, 'train_section': 22911, 'section': 22500, 'departure_time': 1536593220, 'arrival_time': 1536595620}
477	{'task_type': 'regular', 'locomotive': 22648, 'train_section': 25784, 'section': 22360, 'departure_time': 1536598080, 'arrival_time': 1536609720}
478	{'task_type': 'deadhead', 'locomotive': 22648, 'first_train_section': 25784, 'first_section': 22360, 'first_departure_time': 1536598080, 'first_arrival_time': 1536609720, 'second_train_section': 29721, 'second_section': 22385, 'second_departure_time': 1536613740, 'second_arrival_time': 1536614640}
479	{'task_type': 'regular', 'locomotive': 22648, 'train_section': 29721, 'section': 22385, 'departure_time': 1536613740, 'arrival_time': 1536614640}
480	{'task_type': 'regular', 'locomotive': 22649, 'train_section': 24402, 'section': 22361, 'departure_time': 1536546660, 'arrival_time': 1536549660}
481	{'task_type': 'regular', 'locomotive': 22649, 'train_section': 26362, 'section': 22500, 'departure_time': 1536593880, 'arrival_time': 1536597000}
482	{'task_type': 'regular', 'locomotive': 22649, 'train_section': 27997, 'section': 22359, 'departure_time': 1536600600, 'arrival_time': 1536613200}
483	{'task_type': 'regular', 'locomotive': 22653, 'train_section': 30074, 'section': 22273, 'departure_time': 1536551280, 'arrival_time': 1536555660}
484	{'task_type': 'deadhead', 'locomotive': 22653, 'first_train_section': 30074, 'first_section': 22273, 'first_departure_time': 1536551280, 'first_arrival_time': 1536555660, 'second_train_section': 24313, 'second_section': 22409, 'second_departure_time': 1536559140, 'second_arrival_time': 1536566640}
485	{'task_type': 'regular', 'locomotive': 22653, 'train_section': 24313, 'section': 22409, 'departure_time': 1536559140, 'arrival_time': 1536566640}
486	{'task_type': 'regular', 'locomotive': 22653, 'train_section': 29237, 'section': 22392, 'departure_time': 1536575100, 'arrival_time': 1536576480}
487	{'task_type': 'regular', 'locomotive': 22653, 'train_section': 29239, 'section': 22384, 'departure_time': 1536582300, 'arrival_time': 1536587700}
488	{'task_type': 'deadhead', 'locomotive': 22653, 'first_train_section': 29239, 'first_section': 22384, 'first_departure_time': 1536582300, 'first_arrival_time': 1536587700, 'second_train_section': 22672, 'second_section': 22404, 'second_departure_time': 1536606240, 'second_arrival_time': 1536614820}
489	{'task_type': 'regular', 'locomotive': 22653, 'train_section': 22672, 'section': 22404, 'departure_time': 1536606240, 'arrival_time': 1536614820}
490	{'task_type': 'regular', 'locomotive': 22653, 'train_section': 22674, 'section': 22244, 'departure_time': 1536615120, 'arrival_time': 1536616680}
491	{'task_type': 'regular', 'locomotive': 22655, 'train_section': 23749, 'section': 22335, 'departure_time': 1536552720, 'arrival_time': 1536556500}
492	{'task_type': 'regular', 'locomotive': 22655, 'train_section': 24861, 'section': 22331, 'departure_time': 1536570480, 'arrival_time': 1536581280}
493	{'task_type': 'regular', 'locomotive': 22655, 'train_section': 27782, 'section': 22438, 'departure_time': 1536587520, 'arrival_time': 1536598260}
494	{'task_type': 'regular', 'locomotive': 22655, 'train_section': 24286, 'section': 22331, 'departure_time': 1536599280, 'arrival_time': 1536610200}
