1	{'task_type': 'regular', 'locomotive': 22561, 'train_section': 23002, 'section': 22407, 'departure_time': 1536603480, 'arrival_time': 1536610140}
2	{'task_type': 'regular', 'locomotive': 22561, 'train_section': 23004, 'section': 22334, 'departure_time': 1536610620, 'arrival_time': 1536613800}
224	{'task_type': 'regular', 'locomotive': 22561, 'train_section': 23006, 'section': 22322, 'departure_time': 1536613980, 'arrival_time': 1536622200}
225	{'task_type': 'deadhead', 'locomotive': 22561, 'first_train_section': 23006, 'first_section': 22322, 'first_departure_time': 1536613980, 'first_arrival_time': 1536622200, 'second_train_section': 23172, 'second_section': 22292, 'second_departure_time': 1536627300, 'second_arrival_time': 1536629580}
226	{'task_type': 'regular', 'locomotive': 22561, 'train_section': 23172, 'section': 22292, 'departure_time': 1536627300, 'arrival_time': 1536629580}
227	{'task_type': 'deadhead', 'locomotive': 22561, 'first_train_section': 23172, 'first_section': 22292, 'first_departure_time': 1536627300, 'first_arrival_time': 1536629580, 'second_train_section': 23093, 'second_section': 22279, 'second_departure_time': 1536666600, 'second_arrival_time': 1536671520}
228	{'task_type': 'regular', 'locomotive': 22561, 'train_section': 23093, 'section': 22279, 'departure_time': 1536666600, 'arrival_time': 1536671520}
229	{'task_type': 'deadhead', 'locomotive': 22561, 'first_train_section': 23093, 'first_section': 22279, 'first_departure_time': 1536666600, 'first_arrival_time': 1536671520, 'second_train_section': 22656, 'second_section': 22449, 'second_departure_time': 1536689580, 'second_arrival_time': 1536691740}
230	{'task_type': 'regular', 'locomotive': 22561, 'train_section': 22656, 'section': 22449, 'departure_time': 1536689580, 'arrival_time': 1536691740}
231	{'task_type': 'deadhead', 'locomotive': 22561, 'first_train_section': 22656, 'first_section': 22449, 'first_departure_time': 1536689580, 'first_arrival_time': 1536691740, 'second_train_section': 22575, 'second_section': 22290, 'second_departure_time': 1536699060, 'second_arrival_time': 1536705900}
232	{'task_type': 'regular', 'locomotive': 22561, 'train_section': 22575, 'section': 22290, 'departure_time': 1536699060, 'arrival_time': 1536705900}
233	{'task_type': 'regular', 'locomotive': 22561, 'train_section': 22578, 'section': 22352, 'departure_time': 1536706320, 'arrival_time': 1536713040}
347	{'task_type': 'deadhead', 'locomotive': 22561, 'first_train_section': 22578, 'first_section': 22352, 'first_departure_time': 1536706320, 'first_arrival_time': 1536713040, 'second_train_section': 22735, 'second_section': 22361, 'second_departure_time': 1536726240, 'second_arrival_time': 1536729240}
74	{'task_type': 'regular', 'locomotive': 22561, 'train_section': 22735, 'section': 22361, 'departure_time': 1536726240, 'arrival_time': 1536729240}
75	{'task_type': 'regular', 'locomotive': 22561, 'train_section': 22693, 'section': 22499, 'departure_time': 1536738300, 'arrival_time': 1536743460}
76	{'task_type': 'deadhead', 'locomotive': 22561, 'first_train_section': 22693, 'first_section': 22499, 'first_departure_time': 1536738300, 'first_arrival_time': 1536743460, 'second_train_section': 23133, 'second_section': 22447, 'second_departure_time': 1536759600, 'second_arrival_time': 1536762480}
77	{'task_type': 'regular', 'locomotive': 22561, 'train_section': 23133, 'section': 22447, 'departure_time': 1536759600, 'arrival_time': 1536762480}
78	{'task_type': 'deadhead', 'locomotive': 22561, 'first_train_section': 23133, 'first_section': 22447, 'first_departure_time': 1536759600, 'first_arrival_time': 1536762480, 'second_train_section': 22927, 'second_section': 22398, 'second_departure_time': 1536787200, 'second_arrival_time': 1536793080}
79	{'task_type': 'regular', 'locomotive': 22561, 'train_section': 22927, 'section': 22398, 'departure_time': 1536787200, 'arrival_time': 1536793080}
80	{'task_type': 'deadhead', 'locomotive': 22561, 'first_train_section': 22927, 'first_section': 22398, 'first_departure_time': 1536787200, 'first_arrival_time': 1536793080, 'second_train_section': 22942, 'second_section': 22438, 'second_departure_time': 1536810120, 'second_arrival_time': 1536821460}
81	{'task_type': 'regular', 'locomotive': 22561, 'train_section': 22942, 'section': 22438, 'departure_time': 1536810120, 'arrival_time': 1536821460}
82	{'task_type': 'regular', 'locomotive': 22561, 'train_section': 23266, 'section': 22326, 'departure_time': 1536894960, 'arrival_time': 1536901020}
83	{'task_type': 'regular', 'locomotive': 22561, 'train_section': 23236, 'section': 22285, 'departure_time': 1536926520, 'arrival_time': 1536935640}
84	{'task_type': 'regular', 'locomotive': 22561, 'train_section': 22684, 'section': 22492, 'departure_time': 1536992640, 'arrival_time': 1537001880}
85	{'task_type': 'deadhead', 'locomotive': 22561, 'first_train_section': 22684, 'first_section': 22492, 'first_departure_time': 1536992640, 'first_arrival_time': 1537001880, 'second_train_section': 23042, 'second_section': 22387, 'second_departure_time': 1537018680, 'second_arrival_time': 1537020120}
86	{'task_type': 'regular', 'locomotive': 22561, 'train_section': 23042, 'section': 22387, 'departure_time': 1537018680, 'arrival_time': 1537020120}
87	{'task_type': 'regular', 'locomotive': 22561, 'train_section': 22986, 'section': 22330, 'departure_time': 1537054800, 'arrival_time': 1537063020}
348	{'task_type': 'deadhead', 'locomotive': 22562, 'first_train_section': 22978, 'first_section': 22417, 'first_departure_time': 1536559560, 'first_arrival_time': 1536571440, 'second_train_section': 22818, 'second_section': 22500, 'second_departure_time': 1536601080, 'second_arrival_time': 1536604200}
23	{'task_type': 'regular', 'locomotive': 22562, 'train_section': 22818, 'section': 22500, 'departure_time': 1536601080, 'arrival_time': 1536604200}
24	{'task_type': 'deadhead', 'locomotive': 22562, 'first_train_section': 22818, 'first_section': 22500, 'first_departure_time': 1536601080, 'first_arrival_time': 1536604200, 'second_train_section': 22618, 'second_section': 22478, 'second_departure_time': 1536618060, 'second_arrival_time': 1536620580}
25	{'task_type': 'regular', 'locomotive': 22562, 'train_section': 22618, 'section': 22478, 'departure_time': 1536618060, 'arrival_time': 1536620580}
26	{'task_type': 'regular', 'locomotive': 22562, 'train_section': 22621, 'section': 22247, 'departure_time': 1536621180, 'arrival_time': 1536630540}
27	{'task_type': 'deadhead', 'locomotive': 22562, 'first_train_section': 22621, 'first_section': 22247, 'first_departure_time': 1536621180, 'first_arrival_time': 1536630540, 'second_train_section': 22628, 'second_section': 22404, 'second_departure_time': 1536714060, 'second_arrival_time': 1536723060}
113	{'task_type': 'regular', 'locomotive': 22562, 'train_section': 22628, 'section': 22404, 'departure_time': 1536714060, 'arrival_time': 1536723060}
114	{'task_type': 'regular', 'locomotive': 22562, 'train_section': 22630, 'section': 22248, 'departure_time': 1536724200, 'arrival_time': 1536726960}
115	{'task_type': 'deadhead', 'locomotive': 22562, 'first_train_section': 22630, 'first_section': 22248, 'first_departure_time': 1536724200, 'first_arrival_time': 1536726960, 'second_train_section': 22948, 'second_section': 22383, 'second_departure_time': 1536750720, 'second_arrival_time': 1536754140}
116	{'task_type': 'regular', 'locomotive': 22562, 'train_section': 22948, 'section': 22383, 'departure_time': 1536750720, 'arrival_time': 1536754140}
117	{'task_type': 'regular', 'locomotive': 22562, 'train_section': 23059, 'section': 22396, 'departure_time': 1536756960, 'arrival_time': 1536758820}
118	{'task_type': 'deadhead', 'locomotive': 22562, 'first_train_section': 23059, 'first_section': 22396, 'first_departure_time': 1536756960, 'first_arrival_time': 1536758820, 'second_train_section': 22930, 'second_section': 22404, 'second_departure_time': 1536772740, 'second_arrival_time': 1536781620}
119	{'task_type': 'regular', 'locomotive': 22562, 'train_section': 22930, 'section': 22404, 'departure_time': 1536772740, 'arrival_time': 1536781620}
120	{'task_type': 'regular', 'locomotive': 22562, 'train_section': 22932, 'section': 22245, 'departure_time': 1536782220, 'arrival_time': 1536786900}
121	{'task_type': 'regular', 'locomotive': 22562, 'train_section': 22934, 'section': 22308, 'departure_time': 1536787440, 'arrival_time': 1536790140}
122	{'task_type': 'regular', 'locomotive': 22562, 'train_section': 22936, 'section': 22496, 'departure_time': 1536790980, 'arrival_time': 1536795000}
123	{'task_type': 'deadhead', 'locomotive': 22562, 'first_train_section': 22936, 'first_section': 22496, 'first_departure_time': 1536790980, 'first_arrival_time': 1536795000, 'second_train_section': 23278, 'second_section': 22512, 'second_departure_time': 1536812940, 'second_arrival_time': 1536816300}
124	{'task_type': 'regular', 'locomotive': 22562, 'train_section': 23278, 'section': 22512, 'departure_time': 1536812940, 'arrival_time': 1536816300}
125	{'task_type': 'deadhead', 'locomotive': 22562, 'first_train_section': 23278, 'first_section': 22512, 'first_departure_time': 1536812940, 'first_arrival_time': 1536816300, 'second_train_section': 22910, 'second_section': 22441, 'second_departure_time': 1536832440, 'second_arrival_time': 1536836400}
126	{'task_type': 'regular', 'locomotive': 22562, 'train_section': 22910, 'section': 22441, 'departure_time': 1536832440, 'arrival_time': 1536836400}
127	{'task_type': 'deadhead', 'locomotive': 22562, 'first_train_section': 22960, 'first_section': 22473, 'first_departure_time': 1536854700, 'first_arrival_time': 1536875940, 'second_train_section': 23019, 'second_section': 22404, 'second_departure_time': 1536899820, 'second_arrival_time': 1536910020}
128	{'task_type': 'regular', 'locomotive': 22562, 'train_section': 23019, 'section': 22404, 'departure_time': 1536899820, 'arrival_time': 1536910020}
129	{'task_type': 'regular', 'locomotive': 22562, 'train_section': 23021, 'section': 22245, 'departure_time': 1536910380, 'arrival_time': 1536915360}
130	{'task_type': 'regular', 'locomotive': 22562, 'train_section': 23023, 'section': 22308, 'departure_time': 1536915840, 'arrival_time': 1536918480}
131	{'task_type': 'regular', 'locomotive': 22562, 'train_section': 23025, 'section': 22496, 'departure_time': 1536919080, 'arrival_time': 1536924060}
132	{'task_type': 'deadhead', 'locomotive': 22562, 'first_train_section': 23025, 'first_section': 22496, 'first_departure_time': 1536919080, 'first_arrival_time': 1536924060, 'second_train_section': 22639, 'second_section': 22427, 'second_departure_time': 1536950700, 'second_arrival_time': 1536953940}
133	{'task_type': 'regular', 'locomotive': 22562, 'train_section': 22639, 'section': 22427, 'departure_time': 1536950700, 'arrival_time': 1536953940}
134	{'task_type': 'regular', 'locomotive': 22562, 'train_section': 22641, 'section': 22443, 'departure_time': 1536954840, 'arrival_time': 1536956520}
135	{'task_type': 'regular', 'locomotive': 22562, 'train_section': 22643, 'section': 22495, 'departure_time': 1536957240, 'arrival_time': 1536959940}
136	{'task_type': 'regular', 'locomotive': 22562, 'train_section': 22645, 'section': 22304, 'departure_time': 1536960720, 'arrival_time': 1536965280}
137	{'task_type': 'regular', 'locomotive': 22562, 'train_section': 22647, 'section': 22247, 'departure_time': 1536965940, 'arrival_time': 1536974760}
68	{'task_type': 'regular', 'locomotive': 22564, 'train_section': 23151, 'section': 22451, 'departure_time': 1536620220, 'arrival_time': 1536627120}
69	{'task_type': 'regular', 'locomotive': 22564, 'train_section': 23154, 'section': 22345, 'departure_time': 1536627960, 'arrival_time': 1536630900}
70	{'task_type': 'regular', 'locomotive': 22564, 'train_section': 23157, 'section': 22372, 'departure_time': 1536631740, 'arrival_time': 1536635700}
71	{'task_type': 'deadhead', 'locomotive': 22564, 'first_train_section': 23157, 'first_section': 22372, 'first_departure_time': 1536631740, 'first_arrival_time': 1536635700, 'second_train_section': 22879, 'second_section': 22361, 'second_departure_time': 1536639840, 'second_arrival_time': 1536642840}
72	{'task_type': 'regular', 'locomotive': 22564, 'train_section': 22879, 'section': 22361, 'departure_time': 1536639840, 'arrival_time': 1536642840}
349	{'task_type': 'deadhead', 'locomotive': 22564, 'first_train_section': 22879, 'first_section': 22361, 'first_departure_time': 1536639840, 'first_arrival_time': 1536642840, 'second_train_section': 23036, 'second_section': 22512, 'second_departure_time': 1536726540, 'second_arrival_time': 1536729900}
235	{'task_type': 'regular', 'locomotive': 22564, 'train_section': 23036, 'section': 22512, 'departure_time': 1536726540, 'arrival_time': 1536729900}
236	{'task_type': 'deadhead', 'locomotive': 22564, 'first_train_section': 23036, 'first_section': 22512, 'first_departure_time': 1536726540, 'first_arrival_time': 1536729900, 'second_train_section': 22662, 'second_section': 22431, 'second_departure_time': 1536732600, 'second_arrival_time': 1536737220}
237	{'task_type': 'regular', 'locomotive': 22564, 'train_section': 22662, 'section': 22431, 'departure_time': 1536732600, 'arrival_time': 1536737220}
238	{'task_type': 'regular', 'locomotive': 22564, 'train_section': 22664, 'section': 22495, 'departure_time': 1536738480, 'arrival_time': 1536741360}
239	{'task_type': 'regular', 'locomotive': 22564, 'train_section': 22666, 'section': 22309, 'departure_time': 1536741960, 'arrival_time': 1536746520}
240	{'task_type': 'deadhead', 'locomotive': 22564, 'first_train_section': 22666, 'first_section': 22309, 'first_departure_time': 1536741960, 'first_arrival_time': 1536746520, 'second_train_section': 22765, 'second_section': 22416, 'second_departure_time': 1536758640, 'second_arrival_time': 1536762300}
241	{'task_type': 'regular', 'locomotive': 22564, 'train_section': 22765, 'section': 22416, 'departure_time': 1536758640, 'arrival_time': 1536762300}
307	{'task_type': 'regular', 'locomotive': 22564, 'train_section': 23217, 'section': 22416, 'departure_time': 1536810840, 'arrival_time': 1536814500}
308	{'task_type': 'deadhead', 'locomotive': 22564, 'first_train_section': 23217, 'first_section': 22416, 'first_departure_time': 1536810840, 'first_arrival_time': 1536814500, 'second_train_section': 23087, 'second_section': 22381, 'second_departure_time': 1536838320, 'second_arrival_time': 1536840240}
309	{'task_type': 'regular', 'locomotive': 22564, 'train_section': 23087, 'section': 22381, 'departure_time': 1536838320, 'arrival_time': 1536840240}
310	{'task_type': 'deadhead', 'locomotive': 22564, 'first_train_section': 23087, 'first_section': 22381, 'first_departure_time': 1536838320, 'first_arrival_time': 1536840240, 'second_train_section': 22588, 'second_section': 22257, 'second_departure_time': 1536847200, 'second_arrival_time': 1536847920}
311	{'task_type': 'regular', 'locomotive': 22564, 'train_section': 22588, 'section': 22257, 'departure_time': 1536847200, 'arrival_time': 1536847920}
312	{'task_type': 'deadhead', 'locomotive': 22564, 'first_train_section': 22588, 'first_section': 22257, 'first_departure_time': 1536847200, 'first_arrival_time': 1536847920, 'second_train_section': 23291, 'second_section': 22449, 'second_departure_time': 1536862380, 'second_arrival_time': 1536864540}
313	{'task_type': 'regular', 'locomotive': 22564, 'train_section': 23291, 'section': 22449, 'departure_time': 1536862380, 'arrival_time': 1536864540}
314	{'task_type': 'deadhead', 'locomotive': 22564, 'first_train_section': 22803, 'first_section': 22237, 'first_departure_time': 1536876000, 'first_arrival_time': 1536899100, 'second_train_section': 23199, 'second_section': 22314, 'second_departure_time': 1536910440, 'second_arrival_time': 1536913140}
315	{'task_type': 'regular', 'locomotive': 22564, 'train_section': 23199, 'section': 22314, 'departure_time': 1536910440, 'arrival_time': 1536913140}
316	{'task_type': 'deadhead', 'locomotive': 22564, 'first_train_section': 23199, 'first_section': 22314, 'first_departure_time': 1536910440, 'first_arrival_time': 1536913140, 'second_train_section': 22830, 'second_section': 22447, 'second_departure_time': 1536923520, 'second_arrival_time': 1536926400}
317	{'task_type': 'regular', 'locomotive': 22564, 'train_section': 22830, 'section': 22447, 'departure_time': 1536923520, 'arrival_time': 1536926400}
318	{'task_type': 'regular', 'locomotive': 22564, 'train_section': 23244, 'section': 22256, 'departure_time': 1536986520, 'arrival_time': 1536989460}
319	{'task_type': 'deadhead', 'locomotive': 22564, 'first_train_section': 23244, 'first_section': 22256, 'first_departure_time': 1536986520, 'first_arrival_time': 1536989460, 'second_train_section': 22815, 'second_section': 22313, 'second_departure_time': 1537001280, 'second_arrival_time': 1537006200}
320	{'task_type': 'regular', 'locomotive': 22564, 'train_section': 22815, 'section': 22313, 'departure_time': 1537001280, 'arrival_time': 1537006200}
321	{'task_type': 'deadhead', 'locomotive': 22564, 'first_train_section': 22815, 'first_section': 22313, 'first_departure_time': 1537001280, 'first_arrival_time': 1537006200, 'second_train_section': 22723, 'second_section': 22313, 'second_departure_time': 1537087680, 'second_arrival_time': 1537092600}
322	{'task_type': 'regular', 'locomotive': 22564, 'train_section': 22723, 'section': 22313, 'departure_time': 1537087680, 'arrival_time': 1537092600}
323	{'task_type': 'regular', 'locomotive': 22564, 'train_section': 22842, 'section': 22279, 'departure_time': 1537095000, 'arrival_time': 1537100580}
324	{'task_type': 'deadhead', 'locomotive': 22564, 'first_train_section': 22842, 'first_section': 22279, 'first_departure_time': 1537095000, 'first_arrival_time': 1537100580, 'second_train_section': 22762, 'second_section': 22332, 'second_departure_time': 1537129800, 'second_arrival_time': 1537133940}
325	{'task_type': 'regular', 'locomotive': 22564, 'train_section': 22762, 'section': 22332, 'departure_time': 1537129800, 'arrival_time': 1537133940}
48	{'task_type': 'regular', 'locomotive': 22565, 'train_section': 23121, 'section': 22492, 'departure_time': 1536560640, 'arrival_time': 1536569880}
49	{'task_type': 'deadhead', 'locomotive': 22565, 'first_train_section': 23121, 'first_section': 22492, 'first_departure_time': 1536560640, 'first_arrival_time': 1536569880, 'second_train_section': 22633, 'second_section': 22291, 'second_departure_time': 1536614760, 'second_arrival_time': 1536620640}
50	{'task_type': 'regular', 'locomotive': 22565, 'train_section': 22633, 'section': 22291, 'departure_time': 1536614760, 'arrival_time': 1536620640}
51	{'task_type': 'deadhead', 'locomotive': 22565, 'first_train_section': 22633, 'first_section': 22291, 'first_departure_time': 1536614760, 'first_arrival_time': 1536620640, 'second_train_section': 22989, 'second_section': 22311, 'second_departure_time': 1536658800, 'second_arrival_time': 1536661560}
52	{'task_type': 'regular', 'locomotive': 22565, 'train_section': 22989, 'section': 22311, 'departure_time': 1536658800, 'arrival_time': 1536661560}
53	{'task_type': 'deadhead', 'locomotive': 22565, 'first_train_section': 22989, 'first_section': 22311, 'first_departure_time': 1536658800, 'first_arrival_time': 1536661560, 'second_train_section': 23178, 'second_section': 22331, 'second_departure_time': 1536671280, 'second_arrival_time': 1536682080}
54	{'task_type': 'regular', 'locomotive': 22565, 'train_section': 23178, 'section': 22331, 'departure_time': 1536671280, 'arrival_time': 1536682080}
55	{'task_type': 'regular', 'locomotive': 22565, 'train_section': 23193, 'section': 22438, 'departure_time': 1536760320, 'arrival_time': 1536771060}
56	{'task_type': 'deadhead', 'locomotive': 22565, 'first_train_section': 23193, 'first_section': 22438, 'first_departure_time': 1536760320, 'first_arrival_time': 1536771060, 'second_train_section': 22750, 'second_section': 22324, 'second_departure_time': 1536788760, 'second_arrival_time': 1536794100}
57	{'task_type': 'regular', 'locomotive': 22565, 'train_section': 22750, 'section': 22324, 'departure_time': 1536788760, 'arrival_time': 1536794100}
58	{'task_type': 'deadhead', 'locomotive': 22565, 'first_train_section': 22750, 'first_section': 22324, 'first_departure_time': 1536788760, 'first_arrival_time': 1536794100, 'second_train_section': 22945, 'second_section': 22292, 'second_departure_time': 1536800100, 'second_arrival_time': 1536802380}
59	{'task_type': 'regular', 'locomotive': 22565, 'train_section': 22945, 'section': 22292, 'departure_time': 1536800100, 'arrival_time': 1536802380}
60	{'task_type': 'deadhead', 'locomotive': 22565, 'first_train_section': 22945, 'first_section': 22292, 'first_departure_time': 1536800100, 'first_arrival_time': 1536802380, 'second_train_section': 23205, 'second_section': 22281, 'second_departure_time': 1536807960, 'second_arrival_time': 1536814920}
61	{'task_type': 'regular', 'locomotive': 22565, 'train_section': 23205, 'section': 22281, 'departure_time': 1536807960, 'arrival_time': 1536814920}
149	{'task_type': 'regular', 'locomotive': 22565, 'train_section': 23064, 'section': 22351, 'departure_time': 1536835680, 'arrival_time': 1536840840}
150	{'task_type': 'regular', 'locomotive': 22565, 'train_section': 22845, 'section': 22499, 'departure_time': 1536846300, 'arrival_time': 1536851460}
151	{'task_type': 'regular', 'locomotive': 22565, 'train_section': 23163, 'section': 22342, 'departure_time': 1536851940, 'arrival_time': 1536857220}
152	{'task_type': 'deadhead', 'locomotive': 22565, 'first_train_section': 23163, 'first_section': 22342, 'first_departure_time': 1536851940, 'first_arrival_time': 1536857220, 'second_train_section': 22867, 'second_section': 22378, 'second_departure_time': 1536865500, 'second_arrival_time': 1536869160}
153	{'task_type': 'regular', 'locomotive': 22565, 'train_section': 22867, 'section': 22378, 'departure_time': 1536865500, 'arrival_time': 1536869160}
350	{'task_type': 'deadhead', 'locomotive': 22565, 'first_train_section': 22676, 'first_section': 22417, 'first_departure_time': 1536869160, 'first_arrival_time': 1536875940, 'second_train_section': 23096, 'second_section': 22335, 'second_departure_time': 1536898320, 'second_arrival_time': 1536902100}
334	{'task_type': 'regular', 'locomotive': 22565, 'train_section': 23096, 'section': 22335, 'departure_time': 1536898320, 'arrival_time': 1536902100}
351	{'task_type': 'deadhead', 'locomotive': 22565, 'first_train_section': 23096, 'first_section': 22335, 'first_departure_time': 1536898320, 'first_arrival_time': 1536902100, 'second_train_section': 23230, 'second_section': 22494, 'second_departure_time': 1536903900, 'second_arrival_time': 1536906120}
16	{'task_type': 'regular', 'locomotive': 22565, 'train_section': 23230, 'section': 22494, 'departure_time': 1536903900, 'arrival_time': 1536906120}
17	{'task_type': 'deadhead', 'locomotive': 22565, 'first_train_section': 23230, 'first_section': 22494, 'first_departure_time': 1536903900, 'first_arrival_time': 1536906120, 'second_train_section': 22594, 'second_section': 22331, 'second_departure_time': 1536908880, 'second_arrival_time': 1536919680}
18	{'task_type': 'regular', 'locomotive': 22565, 'train_section': 22594, 'section': 22331, 'departure_time': 1536908880, 'arrival_time': 1536919680}
19	{'task_type': 'deadhead', 'locomotive': 22565, 'first_train_section': 22594, 'first_section': 22331, 'first_departure_time': 1536908880, 'first_arrival_time': 1536919680, 'second_train_section': 23239, 'second_section': 22233, 'second_departure_time': 1536992460, 'second_arrival_time': 1537007940}
20	{'task_type': 'regular', 'locomotive': 22565, 'train_section': 23239, 'section': 22233, 'departure_time': 1536992460, 'arrival_time': 1537007940}
21	{'task_type': 'regular', 'locomotive': 22565, 'train_section': 23033, 'section': 22340, 'departure_time': 1537017540, 'arrival_time': 1537033200}
88	{'task_type': 'regular', 'locomotive': 22566, 'train_section': 23166, 'section': 22438, 'departure_time': 1536673920, 'arrival_time': 1536684660}
89	{'task_type': 'deadhead', 'locomotive': 22566, 'first_train_section': 23166, 'first_section': 22438, 'first_departure_time': 1536673920, 'first_arrival_time': 1536684660, 'second_train_section': 22774, 'second_section': 22256, 'second_departure_time': 1536727320, 'second_arrival_time': 1536730260}
90	{'task_type': 'regular', 'locomotive': 22566, 'train_section': 22774, 'section': 22256, 'departure_time': 1536727320, 'arrival_time': 1536730260}
91	{'task_type': 'deadhead', 'locomotive': 22566, 'first_train_section': 22774, 'first_section': 22256, 'first_departure_time': 1536727320, 'first_arrival_time': 1536730260, 'second_train_section': 22992, 'second_section': 22290, 'second_departure_time': 1536732360, 'second_arrival_time': 1536739500}
92	{'task_type': 'regular', 'locomotive': 22566, 'train_section': 22992, 'section': 22290, 'departure_time': 1536732360, 'arrival_time': 1536739500}
93	{'task_type': 'regular', 'locomotive': 22566, 'train_section': 22995, 'section': 22349, 'departure_time': 1536741120, 'arrival_time': 1536746700}
94	{'task_type': 'deadhead', 'locomotive': 22566, 'first_train_section': 22995, 'first_section': 22349, 'first_departure_time': 1536741120, 'first_arrival_time': 1536746700, 'second_train_section': 22787, 'second_section': 22454, 'second_departure_time': 1536765900, 'second_arrival_time': 1536771720}
95	{'task_type': 'regular', 'locomotive': 22566, 'train_section': 22787, 'section': 22454, 'departure_time': 1536765900, 'arrival_time': 1536771720}
96	{'task_type': 'deadhead', 'locomotive': 22566, 'first_train_section': 22787, 'first_section': 22454, 'first_departure_time': 1536765900, 'first_arrival_time': 1536771720, 'second_train_section': 22582, 'second_section': 22479, 'second_departure_time': 1536781860, 'second_arrival_time': 1536783720}
97	{'task_type': 'regular', 'locomotive': 22566, 'train_section': 22582, 'section': 22479, 'departure_time': 1536781860, 'arrival_time': 1536783720}
352	{'task_type': 'deadhead', 'locomotive': 22566, 'first_train_section': 22582, 'first_section': 22479, 'first_departure_time': 1536781860, 'first_arrival_time': 1536783720, 'second_train_section': 22809, 'second_section': 22240, 'second_departure_time': 1536851820, 'second_arrival_time': 1536854100}
181	{'task_type': 'regular', 'locomotive': 22566, 'train_section': 22809, 'section': 22240, 'departure_time': 1536851820, 'arrival_time': 1536854100}
182	{'task_type': 'deadhead', 'locomotive': 22566, 'first_train_section': 22809, 'first_section': 22240, 'first_departure_time': 1536851820, 'first_arrival_time': 1536854100, 'second_train_section': 22969, 'second_section': 22404, 'second_departure_time': 1536874380, 'second_arrival_time': 1536883320}
183	{'task_type': 'regular', 'locomotive': 22566, 'train_section': 22969, 'section': 22404, 'departure_time': 1536874380, 'arrival_time': 1536883320}
184	{'task_type': 'regular', 'locomotive': 22566, 'train_section': 22971, 'section': 22245, 'departure_time': 1536883560, 'arrival_time': 1536888240}
185	{'task_type': 'regular', 'locomotive': 22566, 'train_section': 22973, 'section': 22308, 'departure_time': 1536888960, 'arrival_time': 1536891600}
186	{'task_type': 'regular', 'locomotive': 22566, 'train_section': 22975, 'section': 22496, 'departure_time': 1536892260, 'arrival_time': 1536898620}
187	{'task_type': 'deadhead', 'locomotive': 22566, 'first_train_section': 22975, 'first_section': 22496, 'first_departure_time': 1536892260, 'first_arrival_time': 1536898620, 'second_train_section': 23142, 'second_section': 22429, 'second_departure_time': 1536901320, 'second_arrival_time': 1536903480}
188	{'task_type': 'regular', 'locomotive': 22566, 'train_section': 23142, 'section': 22429, 'departure_time': 1536901320, 'arrival_time': 1536903480}
189	{'task_type': 'deadhead', 'locomotive': 22566, 'first_train_section': 23142, 'first_section': 22429, 'first_departure_time': 1536901320, 'first_arrival_time': 1536903480, 'second_train_section': 22913, 'second_section': 22427, 'second_departure_time': 1536961740, 'second_arrival_time': 1536964680}
190	{'task_type': 'regular', 'locomotive': 22566, 'train_section': 22913, 'section': 22427, 'departure_time': 1536961740, 'arrival_time': 1536964680}
191	{'task_type': 'regular', 'locomotive': 22566, 'train_section': 22915, 'section': 22443, 'departure_time': 1536965700, 'arrival_time': 1536967380}
192	{'task_type': 'regular', 'locomotive': 22566, 'train_section': 22917, 'section': 22495, 'departure_time': 1536968040, 'arrival_time': 1536970920}
193	{'task_type': 'regular', 'locomotive': 22566, 'train_section': 22919, 'section': 22304, 'departure_time': 1536971580, 'arrival_time': 1536976020}
194	{'task_type': 'regular', 'locomotive': 22566, 'train_section': 22921, 'section': 22247, 'departure_time': 1536976200, 'arrival_time': 1536986760}
107	{'task_type': 'regular', 'locomotive': 22569, 'train_section': 22585, 'section': 22242, 'departure_time': 1536600240, 'arrival_time': 1536603420}
108	{'task_type': 'deadhead', 'locomotive': 22569, 'first_train_section': 22585, 'first_section': 22242, 'first_departure_time': 1536600240, 'first_arrival_time': 1536603420, 'second_train_section': 22899, 'second_section': 22408, 'second_departure_time': 1536631080, 'second_arrival_time': 1536633540}
271	{'task_type': 'regular', 'locomotive': 22569, 'train_section': 22899, 'section': 22408, 'departure_time': 1536631080, 'arrival_time': 1536633540}
272	{'task_type': 'regular', 'locomotive': 22569, 'train_section': 22901, 'section': 22365, 'departure_time': 1536633780, 'arrival_time': 1536636960}
273	{'task_type': 'deadhead', 'locomotive': 22569, 'first_train_section': 22901, 'first_section': 22365, 'first_departure_time': 1536633780, 'first_arrival_time': 1536636960, 'second_train_section': 22939, 'second_section': 22391, 'second_departure_time': 1536672360, 'second_arrival_time': 1536673080}
274	{'task_type': 'regular', 'locomotive': 22569, 'train_section': 22939, 'section': 22391, 'departure_time': 1536672360, 'arrival_time': 1536673080}
275	{'task_type': 'regular', 'locomotive': 22569, 'train_section': 22679, 'section': 22273, 'departure_time': 1536722640, 'arrival_time': 1536728160}
276	{'task_type': 'regular', 'locomotive': 22569, 'train_section': 22681, 'section': 22393, 'departure_time': 1536728340, 'arrival_time': 1536730080}
277	{'task_type': 'deadhead', 'locomotive': 22569, 'first_train_section': 22681, 'first_section': 22393, 'first_departure_time': 1536728340, 'first_arrival_time': 1536730080, 'second_train_section': 22856, 'second_section': 22298, 'second_departure_time': 1536748920, 'second_arrival_time': 1536751620}
278	{'task_type': 'regular', 'locomotive': 22569, 'train_section': 22856, 'section': 22298, 'departure_time': 1536748920, 'arrival_time': 1536751620}
279	{'task_type': 'deadhead', 'locomotive': 22569, 'first_train_section': 22856, 'first_section': 22298, 'first_departure_time': 1536748920, 'first_arrival_time': 1536751620, 'second_train_section': 22907, 'second_section': 22438, 'second_departure_time': 1536767520, 'second_arrival_time': 1536778260}
280	{'task_type': 'regular', 'locomotive': 22569, 'train_section': 22907, 'section': 22438, 'departure_time': 1536767520, 'arrival_time': 1536778260}
281	{'task_type': 'regular', 'locomotive': 22569, 'train_section': 23148, 'section': 22325, 'departure_time': 1536806100, 'arrival_time': 1536820380}
282	{'task_type': 'deadhead', 'locomotive': 22569, 'first_train_section': 23148, 'first_section': 22325, 'first_departure_time': 1536806100, 'first_arrival_time': 1536820380, 'second_train_section': 22896, 'second_section': 22466, 'second_departure_time': 1536840300, 'second_arrival_time': 1536841440}
283	{'task_type': 'regular', 'locomotive': 22569, 'train_section': 22896, 'section': 22466, 'departure_time': 1536840300, 'arrival_time': 1536841440}
284	{'task_type': 'deadhead', 'locomotive': 22569, 'first_train_section': 22896, 'first_section': 22466, 'first_departure_time': 1536840300, 'first_arrival_time': 1536841440, 'second_train_section': 22705, 'second_section': 22404, 'second_departure_time': 1536846960, 'second_arrival_time': 1536856500}
285	{'task_type': 'regular', 'locomotive': 22569, 'train_section': 22705, 'section': 22404, 'departure_time': 1536846960, 'arrival_time': 1536856500}
286	{'task_type': 'regular', 'locomotive': 22569, 'train_section': 22707, 'section': 22245, 'departure_time': 1536856740, 'arrival_time': 1536861780}
287	{'task_type': 'regular', 'locomotive': 22569, 'train_section': 22709, 'section': 22308, 'departure_time': 1536862800, 'arrival_time': 1536865560}
288	{'task_type': 'regular', 'locomotive': 22569, 'train_section': 22711, 'section': 22496, 'departure_time': 1536866940, 'arrival_time': 1536871260}
289	{'task_type': 'deadhead', 'locomotive': 22569, 'first_train_section': 22711, 'first_section': 22496, 'first_departure_time': 1536866940, 'first_arrival_time': 1536871260, 'second_train_section': 23220, 'second_section': 22431, 'second_departure_time': 1536877140, 'second_arrival_time': 1536881340}
290	{'task_type': 'regular', 'locomotive': 22569, 'train_section': 23220, 'section': 22431, 'departure_time': 1536877140, 'arrival_time': 1536881340}
291	{'task_type': 'regular', 'locomotive': 22569, 'train_section': 23222, 'section': 22495, 'departure_time': 1536882240, 'arrival_time': 1536885120}
292	{'task_type': 'regular', 'locomotive': 22569, 'train_section': 23224, 'section': 22309, 'departure_time': 1536885780, 'arrival_time': 1536890400}
293	{'task_type': 'deadhead', 'locomotive': 22569, 'first_train_section': 23224, 'first_section': 22309, 'first_departure_time': 1536885780, 'first_arrival_time': 1536890400, 'second_train_section': 22784, 'second_section': 22362, 'second_departure_time': 1536922860, 'second_arrival_time': 1536925500}
163	{'task_type': 'regular', 'locomotive': 22569, 'train_section': 22784, 'section': 22362, 'departure_time': 1536922860, 'arrival_time': 1536925500}
164	{'task_type': 'regular', 'locomotive': 22569, 'train_section': 23099, 'section': 22505, 'departure_time': 1536957300, 'arrival_time': 1536962700}
165	{'task_type': 'regular', 'locomotive': 22569, 'train_section': 23101, 'section': 22308, 'departure_time': 1536963720, 'arrival_time': 1536966420}
166	{'task_type': 'regular', 'locomotive': 22569, 'train_section': 23103, 'section': 22496, 'departure_time': 1536967260, 'arrival_time': 1536971160}
167	{'task_type': 'deadhead', 'locomotive': 22569, 'first_train_section': 23103, 'first_section': 22496, 'first_departure_time': 1536967260, 'first_arrival_time': 1536971160, 'second_train_section': 22726, 'second_section': 22458, 'second_departure_time': 1537106280, 'second_arrival_time': 1537115580}
168	{'task_type': 'regular', 'locomotive': 22569, 'train_section': 22726, 'section': 22458, 'departure_time': 1537106280, 'arrival_time': 1537115580}
353	{'task_type': 'deadhead', 'locomotive': 22569, 'first_train_section': 22726, 'first_section': 22458, 'first_departure_time': 1537106280, 'first_arrival_time': 1537115580, 'second_train_section': 22696, 'second_section': 22260, 'second_departure_time': 1537132500, 'second_arrival_time': 1537135199}
346	{'task_type': 'regular', 'locomotive': 22569, 'train_section': 22696, 'section': 22260, 'departure_time': 1537132500, 'arrival_time': 1537135199}
138	{'task_type': 'deadhead', 'locomotive': 22550, 'first_train_section': 23045, 'first_section': 22382, 'first_departure_time': 1536601620, 'first_arrival_time': 1536616740, 'second_train_section': 23116, 'second_section': 22404, 'second_departure_time': 1536627660, 'second_arrival_time': 1536636660}
139	{'task_type': 'regular', 'locomotive': 22550, 'train_section': 23116, 'section': 22404, 'departure_time': 1536627660, 'arrival_time': 1536636660}
140	{'task_type': 'regular', 'locomotive': 22550, 'train_section': 23118, 'section': 22248, 'departure_time': 1536637800, 'arrival_time': 1536640560}
141	{'task_type': 'deadhead', 'locomotive': 22550, 'first_train_section': 23118, 'first_section': 22248, 'first_departure_time': 1536637800, 'first_arrival_time': 1536640560, 'second_train_section': 23136, 'second_section': 22344, 'second_departure_time': 1536658920, 'second_arrival_time': 1536660240}
142	{'task_type': 'regular', 'locomotive': 22550, 'train_section': 23136, 'section': 22344, 'departure_time': 1536658920, 'arrival_time': 1536660240}
143	{'task_type': 'deadhead', 'locomotive': 22550, 'first_train_section': 22951, 'first_section': 22237, 'first_departure_time': 1536697980, 'first_arrival_time': 1536703140, 'second_train_section': 22864, 'second_section': 22310, 'second_departure_time': 1536733560, 'second_arrival_time': 1536735300}
144	{'task_type': 'regular', 'locomotive': 22550, 'train_section': 22864, 'section': 22310, 'departure_time': 1536733560, 'arrival_time': 1536735300}
145	{'task_type': 'deadhead', 'locomotive': 22550, 'first_train_section': 22864, 'first_section': 22310, 'first_departure_time': 1536733560, 'first_arrival_time': 1536735300, 'second_train_section': 22833, 'second_section': 22285, 'second_departure_time': 1536753720, 'second_arrival_time': 1536762840}
8	{'task_type': 'regular', 'locomotive': 22550, 'train_section': 22833, 'section': 22285, 'departure_time': 1536753720, 'arrival_time': 1536762840}
9	{'task_type': 'deadhead', 'locomotive': 22550, 'first_train_section': 22833, 'first_section': 22285, 'first_departure_time': 1536753720, 'first_arrival_time': 1536762840, 'second_train_section': 22966, 'second_section': 22329, 'second_departure_time': 1536814680, 'second_arrival_time': 1536816120}
10	{'task_type': 'regular', 'locomotive': 22550, 'train_section': 22966, 'section': 22329, 'departure_time': 1536814680, 'arrival_time': 1536816120}
11	{'task_type': 'deadhead', 'locomotive': 22550, 'first_train_section': 22966, 'first_section': 22329, 'first_departure_time': 1536814680, 'first_arrival_time': 1536816120, 'second_train_section': 23208, 'second_section': 22331, 'second_departure_time': 1536829680, 'second_arrival_time': 1536840480}
12	{'task_type': 'regular', 'locomotive': 22550, 'train_section': 23208, 'section': 22331, 'departure_time': 1536829680, 'arrival_time': 1536840480}
13	{'task_type': 'deadhead', 'locomotive': 22550, 'first_train_section': 23208, 'first_section': 22331, 'first_departure_time': 1536829680, 'first_arrival_time': 1536840480, 'second_train_section': 22690, 'second_section': 22320, 'second_departure_time': 1536893880, 'second_arrival_time': 1536900300}
14	{'task_type': 'regular', 'locomotive': 22550, 'train_section': 22690, 'section': 22320, 'departure_time': 1536893880, 'arrival_time': 1536900300}
354	{'task_type': 'deadhead', 'locomotive': 22550, 'first_train_section': 22690, 'first_section': 22320, 'first_departure_time': 1536893880, 'first_arrival_time': 1536900300, 'second_train_section': 22806, 'second_section': 22472, 'second_departure_time': 1536923580, 'second_arrival_time': 1536928740}
336	{'task_type': 'regular', 'locomotive': 22550, 'train_section': 22806, 'section': 22472, 'departure_time': 1536923580, 'arrival_time': 1536928740}
337	{'task_type': 'deadhead', 'locomotive': 22550, 'first_train_section': 22806, 'first_section': 22472, 'first_departure_time': 1536923580, 'first_arrival_time': 1536928740, 'second_train_section': 22699, 'second_section': 22275, 'second_departure_time': 1536930300, 'second_arrival_time': 1536937380}
338	{'task_type': 'regular', 'locomotive': 22550, 'train_section': 22699, 'section': 22275, 'departure_time': 1536930300, 'arrival_time': 1536937380}
339	{'task_type': 'deadhead', 'locomotive': 22550, 'first_train_section': 22699, 'first_section': 22275, 'first_departure_time': 1536930300, 'first_arrival_time': 1536937380, 'second_train_section': 22859, 'second_section': 22448, 'second_departure_time': 1536969360, 'second_arrival_time': 1536970620}
340	{'task_type': 'regular', 'locomotive': 22550, 'train_section': 22859, 'section': 22448, 'departure_time': 1536969360, 'arrival_time': 1536970620}
341	{'task_type': 'regular', 'locomotive': 22550, 'train_section': 22861, 'section': 22284, 'departure_time': 1536970980, 'arrival_time': 1536975900}
342	{'task_type': 'deadhead', 'locomotive': 22550, 'first_train_section': 22861, 'first_section': 22284, 'first_departure_time': 1536970980, 'first_arrival_time': 1536975900, 'second_train_section': 23090, 'second_section': 22281, 'second_departure_time': 1536980760, 'second_arrival_time': 1536987720}
343	{'task_type': 'regular', 'locomotive': 22550, 'train_section': 23090, 'section': 22281, 'departure_time': 1536980760, 'arrival_time': 1536987720}
344	{'task_type': 'regular', 'locomotive': 22550, 'train_section': 23241, 'section': 22351, 'departure_time': 1537008480, 'arrival_time': 1537013640}
169	{'task_type': 'regular', 'locomotive': 22550, 'train_section': 22728, 'section': 22500, 'departure_time': 1537115940, 'arrival_time': 1537117680}
170	{'task_type': 'deadhead', 'locomotive': 22552, 'first_train_section': 23214, 'first_section': 22464, 'first_departure_time': 1536530400, 'first_arrival_time': 1536552780, 'second_train_section': 23196, 'second_section': 22378, 'second_departure_time': 1536599100, 'second_arrival_time': 1536602760}
171	{'task_type': 'regular', 'locomotive': 22552, 'train_section': 23196, 'section': 22378, 'departure_time': 1536599100, 'arrival_time': 1536602760}
172	{'task_type': 'regular', 'locomotive': 22552, 'train_section': 22625, 'section': 22416, 'departure_time': 1536605640, 'arrival_time': 1536609300}
304	{'task_type': 'regular', 'locomotive': 22552, 'train_section': 22963, 'section': 22416, 'departure_time': 1536679440, 'arrival_time': 1536683100}
305	{'task_type': 'regular', 'locomotive': 22552, 'train_section': 22924, 'section': 22416, 'departure_time': 1536765840, 'arrival_time': 1536769500}
306	{'task_type': 'regular', 'locomotive': 22552, 'train_section': 23247, 'section': 22378, 'departure_time': 1536773700, 'arrival_time': 1536777360}
242	{'task_type': 'deadhead', 'locomotive': 22552, 'first_train_section': 22771, 'first_section': 22417, 'first_departure_time': 1536779220, 'first_arrival_time': 1536784080, 'second_train_section': 23269, 'second_section': 22385, 'second_departure_time': 1536786540, 'second_arrival_time': 1536787440}
243	{'task_type': 'regular', 'locomotive': 22552, 'train_section': 23269, 'section': 22385, 'departure_time': 1536786540, 'arrival_time': 1536787440}
244	{'task_type': 'deadhead', 'locomotive': 22552, 'first_train_section': 23269, 'first_section': 22385, 'first_departure_time': 1536786540, 'first_arrival_time': 1536787440, 'second_train_section': 23012, 'second_section': 22431, 'second_departure_time': 1536790740, 'second_arrival_time': 1536794940}
245	{'task_type': 'regular', 'locomotive': 22552, 'train_section': 23012, 'section': 22431, 'departure_time': 1536790740, 'arrival_time': 1536794940}
246	{'task_type': 'regular', 'locomotive': 22552, 'train_section': 23014, 'section': 22495, 'departure_time': 1536795840, 'arrival_time': 1536798720}
247	{'task_type': 'regular', 'locomotive': 22552, 'train_section': 23016, 'section': 22309, 'departure_time': 1536799380, 'arrival_time': 1536804000}
355	{'task_type': 'deadhead', 'locomotive': 22552, 'first_train_section': 23016, 'first_section': 22309, 'first_departure_time': 1536799380, 'first_arrival_time': 1536804000, 'second_train_section': 23067, 'second_section': 22404, 'second_departure_time': 1536841380, 'second_arrival_time': 1536849900}
99	{'task_type': 'regular', 'locomotive': 22552, 'train_section': 23067, 'section': 22404, 'departure_time': 1536841380, 'arrival_time': 1536849900}
100	{'task_type': 'regular', 'locomotive': 22552, 'train_section': 23070, 'section': 22249, 'departure_time': 1536850080, 'arrival_time': 1536856080}
101	{'task_type': 'deadhead', 'locomotive': 22552, 'first_train_section': 23211, 'first_section': 22502, 'first_departure_time': 1536865500, 'first_arrival_time': 1536875940, 'second_train_section': 23281, 'second_section': 22505, 'second_departure_time': 1536880500, 'second_arrival_time': 1536885240}
102	{'task_type': 'regular', 'locomotive': 22552, 'train_section': 23281, 'section': 22505, 'departure_time': 1536880500, 'arrival_time': 1536885240}
103	{'task_type': 'regular', 'locomotive': 22552, 'train_section': 23283, 'section': 22308, 'departure_time': 1536885960, 'arrival_time': 1536888720}
104	{'task_type': 'regular', 'locomotive': 22552, 'train_section': 22781, 'section': 22496, 'departure_time': 1536890400, 'arrival_time': 1536895200}
105	{'task_type': 'deadhead', 'locomotive': 22552, 'first_train_section': 22781, 'first_section': 22496, 'first_departure_time': 1536890400, 'first_arrival_time': 1536895200, 'second_train_section': 22702, 'second_section': 22378, 'second_departure_time': 1536899700, 'second_arrival_time': 1536903360}
106	{'task_type': 'regular', 'locomotive': 22552, 'train_section': 22702, 'section': 22378, 'departure_time': 1536899700, 'arrival_time': 1536903360}
44	{'task_type': 'regular', 'locomotive': 22552, 'train_section': 22753, 'section': 22416, 'departure_time': 1536935040, 'arrival_time': 1536938700}
45	{'task_type': 'deadhead', 'locomotive': 22552, 'first_train_section': 22753, 'first_section': 22416, 'first_departure_time': 1536935040, 'first_arrival_time': 1536938700, 'second_train_section': 22597, 'second_section': 22374, 'second_departure_time': 1536973080, 'second_arrival_time': 1536974820}
46	{'task_type': 'regular', 'locomotive': 22552, 'train_section': 22597, 'section': 22374, 'departure_time': 1536973080, 'arrival_time': 1536974820}
356	{'task_type': 'deadhead', 'locomotive': 22552, 'first_train_section': 22597, 'first_section': 22374, 'first_departure_time': 1536973080, 'first_arrival_time': 1536974820, 'second_train_section': 22744, 'second_section': 22378, 'second_departure_time': 1536989700, 'second_arrival_time': 1536993360}
219	{'task_type': 'regular', 'locomotive': 22552, 'train_section': 22744, 'section': 22378, 'departure_time': 1536989700, 'arrival_time': 1536993360}
220	{'task_type': 'regular', 'locomotive': 22552, 'train_section': 23272, 'section': 22416, 'departure_time': 1537026840, 'arrival_time': 1537030500}
195	{'task_type': 'regular', 'locomotive': 22553, 'train_section': 22873, 'section': 22378, 'departure_time': 1536602700, 'arrival_time': 1536606360}
173	{'task_type': 'regular', 'locomotive': 22553, 'train_section': 22612, 'section': 22416, 'departure_time': 1536675840, 'arrival_time': 1536679500}
326	{'task_type': 'regular', 'locomotive': 22553, 'train_section': 23190, 'section': 22251, 'departure_time': 1536726540, 'arrival_time': 1536730260}
327	{'task_type': 'regular', 'locomotive': 22553, 'train_section': 23202, 'section': 22414, 'departure_time': 1536762480, 'arrival_time': 1536766860}
328	{'task_type': 'deadhead', 'locomotive': 22553, 'first_train_section': 23202, 'first_section': 22414, 'first_departure_time': 1536762480, 'first_arrival_time': 1536766860, 'second_train_section': 22591, 'second_section': 22251, 'second_departure_time': 1536810660, 'second_arrival_time': 1536814800}
329	{'task_type': 'regular', 'locomotive': 22553, 'train_section': 22591, 'section': 22251, 'departure_time': 1536810660, 'arrival_time': 1536814800}
330	{'task_type': 'deadhead', 'locomotive': 22553, 'first_train_section': 22591, 'first_section': 22251, 'first_departure_time': 1536810660, 'first_arrival_time': 1536814800, 'second_train_section': 22836, 'second_section': 22416, 'second_departure_time': 1536818040, 'second_arrival_time': 1536821700}
35	{'task_type': 'regular', 'locomotive': 22553, 'train_section': 22836, 'section': 22416, 'departure_time': 1536818040, 'arrival_time': 1536821700}
36	{'task_type': 'deadhead', 'locomotive': 22553, 'first_train_section': 22824, 'first_section': 22417, 'first_departure_time': 1536825960, 'first_arrival_time': 1536837840, 'second_train_section': 23077, 'second_section': 22442, 'second_departure_time': 1536854160, 'second_arrival_time': 1536856920}
37	{'task_type': 'regular', 'locomotive': 22553, 'train_section': 23077, 'section': 22442, 'departure_time': 1536854160, 'arrival_time': 1536856920}
38	{'task_type': 'regular', 'locomotive': 22553, 'train_section': 23079, 'section': 22433, 'departure_time': 1536857760, 'arrival_time': 1536858240}
39	{'task_type': 'regular', 'locomotive': 22553, 'train_section': 23081, 'section': 22432, 'departure_time': 1536859680, 'arrival_time': 1536861300}
40	{'task_type': 'deadhead', 'locomotive': 22553, 'first_train_section': 22756, 'first_section': 22353, 'first_departure_time': 1536876000, 'first_arrival_time': 1536896340, 'second_train_section': 23227, 'second_section': 22378, 'second_departure_time': 1536908700, 'second_arrival_time': 1536912360}
41	{'task_type': 'regular', 'locomotive': 22553, 'train_section': 23227, 'section': 22378, 'departure_time': 1536908700, 'arrival_time': 1536912360}
218	{'task_type': 'regular', 'locomotive': 22553, 'train_section': 23175, 'section': 22416, 'departure_time': 1536920640, 'arrival_time': 1536924300}
47	{'task_type': 'regular', 'locomotive': 22553, 'train_section': 22870, 'section': 22378, 'departure_time': 1537113900, 'arrival_time': 1537117560}
221	{'task_type': 'regular', 'locomotive': 22555, 'train_section': 22839, 'section': 22299, 'departure_time': 1536551460, 'arrival_time': 1536555240}
222	{'task_type': 'deadhead', 'locomotive': 22555, 'first_train_section': 22839, 'first_section': 22299, 'first_departure_time': 1536551460, 'first_arrival_time': 1536555240, 'second_train_section': 23106, 'second_section': 22288, 'second_departure_time': 1536598560, 'second_arrival_time': 1536607440}
223	{'task_type': 'regular', 'locomotive': 22555, 'train_section': 23106, 'section': 22288, 'departure_time': 1536598560, 'arrival_time': 1536607440}
357	{'task_type': 'deadhead', 'locomotive': 22555, 'first_train_section': 23106, 'first_section': 22288, 'first_departure_time': 1536598560, 'first_arrival_time': 1536607440, 'second_train_section': 23250, 'second_section': 22331, 'second_departure_time': 1536664080, 'second_arrival_time': 1536674880}
4	{'task_type': 'regular', 'locomotive': 22555, 'train_section': 23250, 'section': 22331, 'departure_time': 1536664080, 'arrival_time': 1536674880}
5	{'task_type': 'deadhead', 'locomotive': 22555, 'first_train_section': 23250, 'first_section': 22331, 'first_departure_time': 1536664080, 'first_arrival_time': 1536674880, 'second_train_section': 23113, 'second_section': 22472, 'second_departure_time': 1536685980, 'second_arrival_time': 1536691140}
6	{'task_type': 'regular', 'locomotive': 22555, 'train_section': 23113, 'section': 22472, 'departure_time': 1536685980, 'arrival_time': 1536691140}
7	{'task_type': 'regular', 'locomotive': 22555, 'train_section': 23130, 'section': 22342, 'departure_time': 1536736740, 'arrival_time': 1536742020}
146	{'task_type': 'regular', 'locomotive': 22555, 'train_section': 22600, 'section': 22279, 'departure_time': 1536760200, 'arrival_time': 1536765120}
147	{'task_type': 'deadhead', 'locomotive': 22555, 'first_train_section': 22600, 'first_section': 22279, 'first_departure_time': 1536760200, 'first_arrival_time': 1536765120, 'second_train_section': 23062, 'second_section': 22233, 'second_departure_time': 1536819660, 'second_arrival_time': 1536835140}
148	{'task_type': 'regular', 'locomotive': 22555, 'train_section': 23062, 'section': 22233, 'departure_time': 1536819660, 'arrival_time': 1536835140}
62	{'task_type': 'regular', 'locomotive': 22555, 'train_section': 22848, 'section': 22347, 'departure_time': 1536851940, 'arrival_time': 1536857280}
63	{'task_type': 'regular', 'locomotive': 22555, 'train_section': 22850, 'section': 22471, 'departure_time': 1536857820, 'arrival_time': 1536860640}
64	{'task_type': 'regular', 'locomotive': 22555, 'train_section': 22714, 'section': 22330, 'departure_time': 1536882000, 'arrival_time': 1536890220}
65	{'task_type': 'regular', 'locomotive': 22555, 'train_section': 22827, 'section': 22400, 'departure_time': 1536900180, 'arrival_time': 1536904080}
66	{'task_type': 'deadhead', 'locomotive': 22555, 'first_train_section': 22827, 'first_section': 22400, 'first_departure_time': 1536900180, 'first_arrival_time': 1536904080, 'second_train_section': 22615, 'second_section': 22396, 'second_departure_time': 1536929760, 'second_arrival_time': 1536931620}
67	{'task_type': 'regular', 'locomotive': 22555, 'train_section': 22615, 'section': 22396, 'departure_time': 1536929760, 'arrival_time': 1536931620}
266	{'task_type': 'regular', 'locomotive': 22556, 'train_section': 22720, 'section': 22256, 'departure_time': 1536554520, 'arrival_time': 1536557460}
267	{'task_type': 'deadhead', 'locomotive': 22556, 'first_train_section': 22720, 'first_section': 22256, 'first_departure_time': 1536554520, 'first_arrival_time': 1536557460, 'second_train_section': 23108, 'second_section': 22323, 'second_departure_time': 1536608940, 'second_arrival_time': 1536612180}
268	{'task_type': 'regular', 'locomotive': 22556, 'train_section': 23108, 'section': 22323, 'departure_time': 1536608940, 'arrival_time': 1536612180}
269	{'task_type': 'regular', 'locomotive': 22556, 'train_section': 23110, 'section': 22337, 'departure_time': 1536613320, 'arrival_time': 1536619980}
270	{'task_type': 'deadhead', 'locomotive': 22556, 'first_train_section': 23110, 'first_section': 22337, 'first_departure_time': 1536613320, 'first_arrival_time': 1536619980, 'second_train_section': 23184, 'second_section': 22403, 'second_departure_time': 1536644760, 'second_arrival_time': 1536647520}
109	{'task_type': 'regular', 'locomotive': 22556, 'train_section': 23184, 'section': 22403, 'departure_time': 1536644760, 'arrival_time': 1536647520}
110	{'task_type': 'deadhead', 'locomotive': 22556, 'first_train_section': 23184, 'first_section': 22403, 'first_departure_time': 1536644760, 'first_arrival_time': 1536647520, 'second_train_section': 22741, 'second_section': 22400, 'second_departure_time': 1536670200, 'second_arrival_time': 1536673620}
111	{'task_type': 'regular', 'locomotive': 22556, 'train_section': 22741, 'section': 22400, 'departure_time': 1536670200, 'arrival_time': 1536673620}
112	{'task_type': 'deadhead', 'locomotive': 22556, 'first_train_section': 22741, 'first_section': 22400, 'first_departure_time': 1536670200, 'first_arrival_time': 1536673620, 'second_train_section': 22669, 'second_section': 22407, 'second_departure_time': 1536712320, 'second_arrival_time': 1536719760}
28	{'task_type': 'regular', 'locomotive': 22556, 'train_section': 22669, 'section': 22407, 'departure_time': 1536712320, 'arrival_time': 1536719760}
29	{'task_type': 'regular', 'locomotive': 22556, 'train_section': 22671, 'section': 22334, 'departure_time': 1536720360, 'arrival_time': 1536723600}
30	{'task_type': 'regular', 'locomotive': 22556, 'train_section': 22673, 'section': 22322, 'departure_time': 1536724620, 'arrival_time': 1536734280}
31	{'task_type': 'deadhead', 'locomotive': 22556, 'first_train_section': 22673, 'first_section': 22322, 'first_departure_time': 1536724620, 'first_arrival_time': 1536734280, 'second_train_section': 22717, 'second_section': 22313, 'second_departure_time': 1536759420, 'second_arrival_time': 1536764880}
32	{'task_type': 'regular', 'locomotive': 22556, 'train_section': 22717, 'section': 22313, 'departure_time': 1536759420, 'arrival_time': 1536764880}
33	{'task_type': 'regular', 'locomotive': 22556, 'train_section': 22790, 'section': 22284, 'departure_time': 1536771120, 'arrival_time': 1536774780}
34	{'task_type': 'regular', 'locomotive': 22556, 'train_section': 23145, 'section': 22378, 'departure_time': 1536811500, 'arrival_time': 1536815160}
331	{'task_type': 'regular', 'locomotive': 22556, 'train_section': 23039, 'section': 22416, 'departure_time': 1536836040, 'arrival_time': 1536839700}
332	{'task_type': 'regular', 'locomotive': 22556, 'train_section': 23056, 'section': 22378, 'departure_time': 1536847500, 'arrival_time': 1536851160}
358	{'task_type': 'deadhead', 'locomotive': 22556, 'first_train_section': 22768, 'first_section': 22417, 'first_departure_time': 1536865620, 'first_arrival_time': 1536870480, 'second_train_section': 22650, 'second_section': 22483, 'second_departure_time': 1536886320, 'second_arrival_time': 1536889380}
155	{'task_type': 'regular', 'locomotive': 22556, 'train_section': 22650, 'section': 22483, 'departure_time': 1536886320, 'arrival_time': 1536889380}
156	{'task_type': 'deadhead', 'locomotive': 22556, 'first_train_section': 22650, 'first_section': 22483, 'first_departure_time': 1536886320, 'first_arrival_time': 1536889380, 'second_train_section': 23124, 'second_section': 22303, 'second_departure_time': 1536895440, 'second_arrival_time': 1536901320}
157	{'task_type': 'regular', 'locomotive': 22556, 'train_section': 23124, 'section': 22303, 'departure_time': 1536895440, 'arrival_time': 1536901320}
158	{'task_type': 'deadhead', 'locomotive': 22556, 'first_train_section': 23124, 'first_section': 22303, 'first_departure_time': 1536895440, 'first_arrival_time': 1536901320, 'second_train_section': 23253, 'second_section': 22431, 'second_departure_time': 1536905400, 'second_arrival_time': 1536910020}
159	{'task_type': 'regular', 'locomotive': 22556, 'train_section': 23253, 'section': 22431, 'departure_time': 1536905400, 'arrival_time': 1536910020}
160	{'task_type': 'regular', 'locomotive': 22556, 'train_section': 23255, 'section': 22495, 'departure_time': 1536911280, 'arrival_time': 1536914160}
161	{'task_type': 'regular', 'locomotive': 22556, 'train_section': 23257, 'section': 22309, 'departure_time': 1536914760, 'arrival_time': 1536919320}
162	{'task_type': 'deadhead', 'locomotive': 22556, 'first_train_section': 23257, 'first_section': 22309, 'first_departure_time': 1536914760, 'first_arrival_time': 1536919320, 'second_train_section': 22904, 'second_section': 22357, 'second_departure_time': 1536988560, 'second_arrival_time': 1536992040}
294	{'task_type': 'regular', 'locomotive': 22556, 'train_section': 22904, 'section': 22357, 'departure_time': 1536988560, 'arrival_time': 1536992040}
295	{'task_type': 'regular', 'locomotive': 22557, 'train_section': 22572, 'section': 22338, 'departure_time': 1536563100, 'arrival_time': 1536575040}
296	{'task_type': 'deadhead', 'locomotive': 22557, 'first_train_section': 22572, 'first_section': 22338, 'first_departure_time': 1536563100, 'first_arrival_time': 1536575040, 'second_train_section': 22653, 'second_section': 22475, 'second_departure_time': 1536589860, 'second_arrival_time': 1536593880}
297	{'task_type': 'regular', 'locomotive': 22557, 'train_section': 22653, 'section': 22475, 'departure_time': 1536589860, 'arrival_time': 1536593880}
298	{'task_type': 'deadhead', 'locomotive': 22557, 'first_train_section': 22653, 'first_section': 22475, 'first_departure_time': 1536589860, 'first_arrival_time': 1536593880, 'second_train_section': 23139, 'second_section': 22425, 'second_departure_time': 1536617100, 'second_arrival_time': 1536618660}
299	{'task_type': 'regular', 'locomotive': 22557, 'train_section': 23139, 'section': 22425, 'departure_time': 1536617100, 'arrival_time': 1536618660}
300	{'task_type': 'deadhead', 'locomotive': 22557, 'first_train_section': 23139, 'first_section': 22425, 'first_departure_time': 1536617100, 'first_arrival_time': 1536618660, 'second_train_section': 22954, 'second_section': 22426, 'second_departure_time': 1536636780, 'second_arrival_time': 1536639000}
301	{'task_type': 'regular', 'locomotive': 22557, 'train_section': 22954, 'section': 22426, 'departure_time': 1536636780, 'arrival_time': 1536639000}
302	{'task_type': 'deadhead', 'locomotive': 22557, 'first_train_section': 22954, 'first_section': 22426, 'first_departure_time': 1536636780, 'first_arrival_time': 1536639000, 'second_train_section': 23263, 'second_section': 22456, 'second_departure_time': 1536644100, 'second_arrival_time': 1536645600}
303	{'task_type': 'regular', 'locomotive': 22557, 'train_section': 23263, 'section': 22456, 'departure_time': 1536644100, 'arrival_time': 1536645600}
196	{'task_type': 'regular', 'locomotive': 22557, 'train_section': 22687, 'section': 22418, 'departure_time': 1536672600, 'arrival_time': 1536674100}
197	{'task_type': 'deadhead', 'locomotive': 22557, 'first_train_section': 22687, 'first_section': 22418, 'first_departure_time': 1536672600, 'first_arrival_time': 1536674100, 'second_train_section': 22800, 'second_section': 22385, 'second_departure_time': 1536700140, 'second_arrival_time': 1536701040}
198	{'task_type': 'regular', 'locomotive': 22557, 'train_section': 22800, 'section': 22385, 'departure_time': 1536700140, 'arrival_time': 1536701040}
199	{'task_type': 'deadhead', 'locomotive': 22557, 'first_train_section': 22800, 'first_section': 22385, 'first_departure_time': 1536700140, 'first_arrival_time': 1536701040, 'second_train_section': 22882, 'second_section': 22427, 'second_departure_time': 1536702540, 'second_arrival_time': 1536705480}
200	{'task_type': 'regular', 'locomotive': 22557, 'train_section': 22882, 'section': 22427, 'departure_time': 1536702540, 'arrival_time': 1536705480}
201	{'task_type': 'regular', 'locomotive': 22557, 'train_section': 22884, 'section': 22443, 'departure_time': 1536706500, 'arrival_time': 1536708180}
202	{'task_type': 'regular', 'locomotive': 22557, 'train_section': 22886, 'section': 22495, 'departure_time': 1536708840, 'arrival_time': 1536711720}
203	{'task_type': 'regular', 'locomotive': 22557, 'train_section': 22888, 'section': 22304, 'departure_time': 1536712380, 'arrival_time': 1536716820}
204	{'task_type': 'regular', 'locomotive': 22557, 'train_section': 22890, 'section': 22247, 'departure_time': 1536717000, 'arrival_time': 1536727560}
205	{'task_type': 'deadhead', 'locomotive': 22557, 'first_train_section': 22890, 'first_section': 22247, 'first_departure_time': 1536717000, 'first_arrival_time': 1536727560, 'second_train_section': 23048, 'second_section': 22404, 'second_departure_time': 1536747600, 'second_arrival_time': 1536756360}
206	{'task_type': 'regular', 'locomotive': 22557, 'train_section': 23048, 'section': 22404, 'departure_time': 1536747600, 'arrival_time': 1536756360}
207	{'task_type': 'regular', 'locomotive': 22557, 'train_section': 23050, 'section': 22248, 'departure_time': 1536756960, 'arrival_time': 1536759600}
208	{'task_type': 'deadhead', 'locomotive': 22557, 'first_train_section': 23050, 'first_section': 22248, 'first_departure_time': 1536756960, 'first_arrival_time': 1536759600, 'second_train_section': 23160, 'second_section': 22500, 'second_departure_time': 1536766680, 'second_arrival_time': 1536769800}
209	{'task_type': 'regular', 'locomotive': 22557, 'train_section': 23160, 'section': 22500, 'departure_time': 1536766680, 'arrival_time': 1536769800}
210	{'task_type': 'regular', 'locomotive': 22557, 'train_section': 22659, 'section': 22356, 'departure_time': 1536830880, 'arrival_time': 1536838140}
211	{'task_type': 'regular', 'locomotive': 22557, 'train_section': 23009, 'section': 22261, 'departure_time': 1536867900, 'arrival_time': 1536869460}
212	{'task_type': 'deadhead', 'locomotive': 22557, 'first_train_section': 23009, 'first_section': 22261, 'first_departure_time': 1536867900, 'first_arrival_time': 1536869460, 'second_train_section': 22777, 'second_section': 22368, 'second_departure_time': 1536882480, 'second_arrival_time': 1536886200}
213	{'task_type': 'regular', 'locomotive': 22557, 'train_section': 22777, 'section': 22368, 'departure_time': 1536882480, 'arrival_time': 1536886200}
214	{'task_type': 'regular', 'locomotive': 22557, 'train_section': 22779, 'section': 22308, 'departure_time': 1536886800, 'arrival_time': 1536889560}
215	{'task_type': 'regular', 'locomotive': 22557, 'train_section': 23285, 'section': 22496, 'departure_time': 1536890700, 'arrival_time': 1536895500}
216	{'task_type': 'deadhead', 'locomotive': 22557, 'first_train_section': 23285, 'first_section': 22496, 'first_departure_time': 1536890700, 'first_arrival_time': 1536895500, 'second_train_section': 23084, 'second_section': 22378, 'second_departure_time': 1536901500, 'second_arrival_time': 1536905160}
217	{'task_type': 'regular', 'locomotive': 22557, 'train_section': 23084, 'section': 22378, 'departure_time': 1536901500, 'arrival_time': 1536905160}
42	{'task_type': 'regular', 'locomotive': 22557, 'train_section': 23181, 'section': 22418, 'departure_time': 1536931800, 'arrival_time': 1536933300}
359	{'task_type': 'deadhead', 'locomotive': 22559, 'first_train_section': 22876, 'first_section': 22250, 'first_departure_time': 1536597360, 'first_arrival_time': 1536616740, 'second_train_section': 23260, 'second_section': 22338, 'second_departure_time': 1536762240, 'second_arrival_time': 1536774360}
175	{'task_type': 'regular', 'locomotive': 22559, 'train_section': 23260, 'section': 22338, 'departure_time': 1536762240, 'arrival_time': 1536774360}
176	{'task_type': 'deadhead', 'locomotive': 22559, 'first_train_section': 23260, 'first_section': 22338, 'first_departure_time': 1536762240, 'first_arrival_time': 1536774360, 'second_train_section': 22793, 'second_section': 22431, 'second_departure_time': 1536775380, 'second_arrival_time': 1536779340}
177	{'task_type': 'regular', 'locomotive': 22559, 'train_section': 22793, 'section': 22431, 'departure_time': 1536775380, 'arrival_time': 1536779340}
178	{'task_type': 'regular', 'locomotive': 22559, 'train_section': 22795, 'section': 22495, 'departure_time': 1536780480, 'arrival_time': 1536783420}
179	{'task_type': 'regular', 'locomotive': 22559, 'train_section': 22797, 'section': 22307, 'departure_time': 1536784260, 'arrival_time': 1536786300}
360	{'task_type': 'deadhead', 'locomotive': 22559, 'first_train_section': 22797, 'first_section': 22307, 'first_departure_time': 1536784260, 'first_arrival_time': 1536786300, 'second_train_section': 22853, 'second_section': 22488, 'second_departure_time': 1536851640, 'second_arrival_time': 1536856020}
249	{'task_type': 'regular', 'locomotive': 22559, 'train_section': 22853, 'section': 22488, 'departure_time': 1536851640, 'arrival_time': 1536856020}
250	{'task_type': 'deadhead', 'locomotive': 22559, 'first_train_section': 22853, 'first_section': 22488, 'first_departure_time': 1536851640, 'first_arrival_time': 1536856020, 'second_train_section': 22603, 'second_section': 22404, 'second_departure_time': 1536891660, 'second_arrival_time': 1536900900}
251	{'task_type': 'regular', 'locomotive': 22559, 'train_section': 22603, 'section': 22404, 'departure_time': 1536891660, 'arrival_time': 1536900900}
252	{'task_type': 'regular', 'locomotive': 22559, 'train_section': 22605, 'section': 22245, 'departure_time': 1536901080, 'arrival_time': 1536906540}
253	{'task_type': 'regular', 'locomotive': 22559, 'train_section': 22607, 'section': 22308, 'departure_time': 1536907260, 'arrival_time': 1536909960}
254	{'task_type': 'regular', 'locomotive': 22559, 'train_section': 22609, 'section': 22496, 'departure_time': 1536910860, 'arrival_time': 1536915660}
255	{'task_type': 'deadhead', 'locomotive': 22559, 'first_train_section': 22609, 'first_section': 22496, 'first_departure_time': 1536910860, 'first_arrival_time': 1536915660, 'second_train_section': 22821, 'second_section': 22457, 'second_departure_time': 1536922320, 'second_arrival_time': 1536924300}
256	{'task_type': 'regular', 'locomotive': 22559, 'train_section': 22821, 'section': 22457, 'departure_time': 1536922320, 'arrival_time': 1536924300}
257	{'task_type': 'deadhead', 'locomotive': 22559, 'first_train_section': 22821, 'first_section': 22457, 'first_departure_time': 1536922320, 'first_arrival_time': 1536924300, 'second_train_section': 22893, 'second_section': 22457, 'second_departure_time': 1536929520, 'second_arrival_time': 1536931620}
258	{'task_type': 'regular', 'locomotive': 22559, 'train_section': 22893, 'section': 22457, 'departure_time': 1536929520, 'arrival_time': 1536931620}
259	{'task_type': 'deadhead', 'locomotive': 22559, 'first_train_section': 22893, 'first_section': 22457, 'first_departure_time': 1536929520, 'first_arrival_time': 1536931620, 'second_train_section': 22731, 'second_section': 22356, 'second_departure_time': 1536956160, 'second_arrival_time': 1536964200}
260	{'task_type': 'regular', 'locomotive': 22559, 'train_section': 22731, 'section': 22356, 'departure_time': 1536956160, 'arrival_time': 1536964200}
261	{'task_type': 'deadhead', 'locomotive': 22559, 'first_train_section': 22731, 'first_section': 22356, 'first_departure_time': 1536956160, 'first_arrival_time': 1536964200, 'second_train_section': 22981, 'second_section': 22348, 'second_departure_time': 1536981180, 'second_arrival_time': 1536984720}
262	{'task_type': 'regular', 'locomotive': 22559, 'train_section': 22981, 'section': 22348, 'departure_time': 1536981180, 'arrival_time': 1536984720}
263	{'task_type': 'regular', 'locomotive': 22559, 'train_section': 22983, 'section': 22477, 'departure_time': 1536985200, 'arrival_time': 1536987600}
264	{'task_type': 'regular', 'locomotive': 22559, 'train_section': 23031, 'section': 22499, 'departure_time': 1537011900, 'arrival_time': 1537017060}
265	{'task_type': 'regular', 'locomotive': 22559, 'train_section': 22738, 'section': 22344, 'departure_time': 1537120980, 'arrival_time': 1537122000}
